Name,Action Date,Assigned to,Created time,Description,Files,Last edited time,Priority,Project Active,Project Status (rollup),Projects,Status,Time,URL,Valid (AI rule)
리크루팅 사이트) 원택님 피드백 반영,,김은향,"November 24, 2025 2:46 PM",원택님 피드백을 바탕으로 사이드프로젝트 리크루팅 노션 페이지/사이트 구조와 카피를 수정한다.,,"December 14, 2025 4:31 PM",Low,No,시작 전,사이드프로젝트 리크루팅 사이트 제작 (https://www.notion.so/b475ff69a4a9463483a5d654379b8284?pvs=21),Not started,오후,,
12/17: 본펀딩 공개,"December 17, 2025",,"November 25, 2025 1:23 PM",,,"December 7, 2025 11:09 PM",,Yes,진행 중,[와디즈] 12주 코칭 습관팩 런칭 (https://www.notion.so/12-d800760bcda44670adaf7764cfdcbcf9?pvs=21),Not started,오후,,
12/31: 펀딩 종료,"December 31, 2025",,"November 25, 2025 1:23 PM",,,"December 7, 2025 11:09 PM",,Yes,진행 중,[와디즈] 12주 코칭 습관팩 런칭 (https://www.notion.so/12-d800760bcda44670adaf7764cfdcbcf9?pvs=21),Not started,오후,,
11/25: 오픈예정 공개,"November 26, 2025",,"November 25, 2025 1:23 PM",,,"November 30, 2025 1:25 PM",,Yes,진행 중,[와디즈] 12주 코칭 습관팩 런칭 (https://www.notion.so/12-d800760bcda44670adaf7764cfdcbcf9?pvs=21),Not started,,,
"11/22: 심사 통과, 광고 소재 제작 (크)","November 22, 2025",,"November 25, 2025 1:23 PM",,,"November 25, 2025 2:36 PM",,Yes,진행 중,[와디즈] 12주 코칭 습관팩 런칭 (https://www.notion.so/12-d800760bcda44670adaf7764cfdcbcf9?pvs=21),Not started,,,
꼭꼭 앱 1년 구독권 QA,"December 24, 2025",김은향,"November 26, 2025 1:23 AM",꼭꼭 앱 1년 구독권이 정상 결제/적용/연장되는지 QA 진행,,"December 7, 2025 3:46 PM",High,Yes,진행 중,[와디즈] 12주 코칭 습관팩 런칭 (https://www.notion.so/12-d800760bcda44670adaf7764cfdcbcf9?pvs=21),Not started,오후,,
꼭꼭FIT 음식편향테스트 특정 주차에 노출,"December 26, 2025",김은향,"November 26, 2025 1:23 AM",꼭꼭FIT 커리큘럼 중 특정 주차에 음식 편향 테스트가 자동 노출되도록 로직/화면 연결,,"December 16, 2025 11:25 PM",High,Yes,진행 중,[와디즈] 12주 코칭 습관팩 런칭 (https://www.notion.so/12-d800760bcda44670adaf7764cfdcbcf9?pvs=21),Not started,오후,,
꼭꼭FIT+꼭꼭 앱 로그인 통합,"December 16, 2025",김은향,"November 26, 2025 1:23 AM",꼭꼭FIT와 꼭꼭 앱의 로그인을 1계정으로 통합하는 작업,,"December 9, 2025 12:03 AM",High,Yes,진행 중,[와디즈] 12주 코칭 습관팩 런칭 (https://www.notion.so/12-d800760bcda44670adaf7764cfdcbcf9?pvs=21),Not started,오후,,
꼭꼭FIT 관련 과제 내용과 AI 통합,"December 23, 2025",김은향,"November 26, 2025 1:23 AM",꼭꼭FIT 과제 내용과 AI 기능을 연동하여 자동 피드백/추천이 가능하도록 통합,,"December 16, 2025 11:25 PM",High,Yes,진행 중,[와디즈] 12주 코칭 습관팩 런칭 (https://www.notion.so/12-d800760bcda44670adaf7764cfdcbcf9?pvs=21),Not started,,,
꼭꼭FIT 페이지 UI 업데이트,"December 20, 2025",김은향,"November 26, 2025 1:23 AM",꼭꼭FIT 전반 페이지 UI를 12주 코칭 습관팩 런칭에 맞춰 업데이트,,"December 16, 2025 11:25 PM",High,Yes,진행 중,[와디즈] 12주 코칭 습관팩 런칭 (https://www.notion.so/12-d800760bcda44670adaf7764cfdcbcf9?pvs=21),Not started,,,
꼭꼭FIT 강의 페이지 + 과제 페이지 만들기,"December 25, 2025",김은향,"November 26, 2025 1:23 AM",12주 코칭 습관팩용 꼭꼭FIT 강의 페이지 및 각 주차 과제 페이지 신규 생성,,"December 16, 2025 11:25 PM",High,Yes,진행 중,[와디즈] 12주 코칭 습관팩 런칭 (https://www.notion.so/12-d800760bcda44670adaf7764cfdcbcf9?pvs=21),Not started,,,
소통협력센터 발표용 PPT 1차 제작,"November 26, 2025","김은향, 한명학","November 26, 2025 1:56 AM",2026 사무실 구하기 안을 바탕으로 소통협력센터 발표용 PPT 1차 초안 제작,,"December 7, 2025 3:46 PM",High,No,,2026 사무실 구하기 (https://www.notion.so/2026-2b36a363106a8048aad1fce4d50cab05?pvs=21),Done,오후,,
발표 리허설 및 피드백 반영,"November 27, 2025",김은향,"November 26, 2025 1:56 AM","발표 리허설 진행 후, PPT와 대본을 다듬고 최종본 확정",,"December 7, 2025 11:09 PM",High,No,,2026 사무실 구하기 (https://www.notion.so/2026-2b36a363106a8048aad1fce4d50cab05?pvs=21),Done,오후,,
발표 대본 작성,"November 26, 2025",한명학,"November 26, 2025 1:56 AM",소통협력센터 발표 평가(11월 27일 13시)용 상세 발표 스크립트 작성,,"December 7, 2025 11:09 PM",High,No,,2026 사무실 구하기 (https://www.notion.so/2026-2b36a363106a8048aad1fce4d50cab05?pvs=21),Done,오후,,
발표 대본 1차 작성,"November 30, 2025",김은향,"November 26, 2025 2:01 AM",15분 발표 + 7~8분 질의응답을 기준으로 발표 스크립트 1차 작성,,"December 7, 2025 3:46 PM",High,No,,,Done,오후,,
최종발표 PPT 초안 제작,"November 29, 2025",김은향,"November 26, 2025 2:01 AM",목차에 맞춰 25페이지 이내 PPT 초안 작성,,"December 7, 2025 3:46 PM",High,No,,,Done,오후,,
PPT/대본 다듬기 및 최종본 확정,"December 1, 2025",김은향,"November 26, 2025 2:01 AM",피드백을 반영해 PPT와 발표 대본 최종본 확정 및 PDF 변환,,"December 2, 2025 12:53 AM",High,No,,,Done,,,
청년창업사관학교 최종발표 PPT 구조 설계,"November 28, 2025",김은향,"November 26, 2025 2:01 AM",제공된 평가 목차(1~14항목)를 기준으로 전체 슬라이드 구조 및 스토리라인 설계,,"November 30, 2025 1:58 PM",High,No,,,Done,,,
12-month 실행 계획(숫자 기반) 정리,,김은향,"November 26, 2025 2:07 AM",향후 6~12개월 동안의 구체적인 숫자·목표·액션 아이템을 정리해서 로드맵 슬라이드/문서로 만들 준비,,"December 9, 2025 4:24 PM",High,No,,,Done,오후,,
3-year strategy (조건 기반) 정리,,김은향,"November 26, 2025 2:07 AM",3년 전략을 ‘조건 X 충족 시 Y 시작’ 형태로 구조화하여 Base/Optimistic/Conservative 시나리오까지 정리,,"December 8, 2025 6:13 PM",High,No,,,Done,오후,,
10-year direction 정리(헬스케어/섭식 도메인 레이어의 성공선),,김은향,"November 26, 2025 2:07 AM","소식연구소/꼭꼭 서비스의 10년 방향성(미션, 시장 진입 순서, 제품 라인 큰 축) 정리해서 완희 코치님과 공유할 버전으로 작성",,"December 8, 2025 7:11 PM",High,No,,,Done,,,
[와디즈/워크북] 요약본에 워크북 확장 페이지 구조 반영하기,"November 27, 2025",김은향,"November 26, 2025 10:50 PM","요약본 PDF에 A~E 워크북 확장안(반복 기록지, 주차별 미니 회고, 미니 체크리스트/도표, 나의 변화 대시보드 3개월 버전, 미니 오리엔테이션+오프보딩)을 반영해 전체 페이지 구조 업데이트",,"December 7, 2025 11:09 PM",High,No,,,Done,오후,,
[워크북/C] 핵심 개념 미니 체크리스트·도표 페이지 설계,"November 27, 2025",김은향,"November 26, 2025 10:50 PM","요약본 PDF(page 9~50)의 텍스트를 기반으로 핵심 개념을 1p짜리 도표·체크리스트로 변환
- Week3 포만감 5단계 요약 도표
- Week4 습관 루프 원인 체크리스트
- Week5 폭식 후 회복 5단계
- Week7 진짜배고픔 vs 가짜배고픔 체크리스트
(총 6~8p 범위 내로 페이지 수 조정)",,"December 7, 2025 11:09 PM",Medium,No,,,Done,오후,,
[워크북/E] 워크북 오리엔테이션·오프보딩 페이지 추가,"November 27, 2025",김은향,"November 26, 2025 10:50 PM","워크북 시작과 종료 경험을 개선하는 페이지 추가
- ""이 워크북을 어떻게 사용하면 좋을까요?"" UX 가이드
- 12주 사용 루틴 미니 일정표
- 완주 후 축하/인증 페이지",,"November 27, 2025 3:46 PM",Medium,No,,,Done,,,
[워크북/A] 반복 기록지 추가 설계,"November 27, 2025",김은향,"November 26, 2025 10:50 PM",,,"November 27, 2025 4:19 PM",High,No,,,Done,,,
[워크북/B] 12주 주차별 미니 회고 페이지 구조 설계,"November 27, 2025",김은향,"November 26, 2025 10:50 PM","각 주차에 1p씩 '주차별 미니 회고 페이지' 추가
- 이번 주 가장 잘한 것 3가지
- 새롭게 깨달은 감정/신체 신호
- 폭식 루프 변화
- 다음 주 실험해볼 것 1개",,"November 27, 2025 12:14 PM",High,No,,,Done,,,
[YouTube/W30] 영상 업로드,"November 27, 2025",김은향,"November 26, 2025 10:56 PM",최종 편집본 업로드 + 제목/설명/태그/재생목록 설정 후 공개 또는 예약 설정,,"December 15, 2025 12:31 PM",High,Yes,진행 중,YouTube 1주 1업로드 프로젝트 (https://www.notion.so/YouTube-1-1-429c2a5aa7b04d12b5a3923f9e698f91?pvs=21),Done,,,
[YouTube/W30] BGM 편집,"November 27, 2025",김은향,"November 26, 2025 10:56 PM",W30 유튜브 영상에 사용할 BGM 선택 및 볼륨/구간 편집,,"December 15, 2025 12:31 PM",High,Yes,진행 중,YouTube 1주 1업로드 프로젝트 (https://www.notion.so/YouTube-1-1-429c2a5aa7b04d12b5a3923f9e698f91?pvs=21),Done,,,
[YouTube/W30] 원본 콘텐츠 리뷰,"November 27, 2025",김은향,"November 26, 2025 10:56 PM","W30 유튜브 영상 원본 콘텐츠 전체를 확인하고 사용할 구간, 삭제할 구간, 보강할 포인트를 메모",,"December 15, 2025 12:31 PM",High,Yes,진행 중,YouTube 1주 1업로드 프로젝트 (https://www.notion.so/YouTube-1-1-429c2a5aa7b04d12b5a3923f9e698f91?pvs=21),Done,,,
[YouTube/W30] 썸네일 만들기,"November 27, 2025",김은향,"November 26, 2025 10:56 PM",W30 유튜브 영상 썸네일 시안 1~2개 제작 후 최종 1개 확정,,"December 15, 2025 12:31 PM",High,Yes,진행 중,YouTube 1주 1업로드 프로젝트 (https://www.notion.so/YouTube-1-1-429c2a5aa7b04d12b5a3923f9e698f91?pvs=21),Done,,,
[YouTube/W31] 대본 세부 내용 작성,"November 30, 2025",한명학,"November 26, 2025 10:57 PM","W31 유튜브 영상용 대본을 기반으로 예시, 표현, 스토리라인, 코칭 포인트 등 세부 내용 보완",,"December 15, 2025 12:31 PM",High,Yes,진행 중,YouTube 1주 1업로드 프로젝트 (https://www.notion.so/YouTube-1-1-429c2a5aa7b04d12b5a3923f9e698f91?pvs=21),Done,오후,,
[YouTube/W31] 대본 초안 작성,"November 30, 2025","김은향, 한명학","November 26, 2025 10:57 PM",W31 유튜브 영상용 대본 1차 초안 작성 (구성/흐름/메시지 뼈대까지),,"December 15, 2025 12:31 PM",High,Yes,진행 중,YouTube 1주 1업로드 프로젝트 (https://www.notion.so/YouTube-1-1-429c2a5aa7b04d12b5a3923f9e698f91?pvs=21),Done,,,
[Google Play] 조직→개인 계정 구조 교체 및 앱 이전 완료하기,"December 6, 2025",김은향,"November 28, 2025 3:56 PM","기존 조직 프로필 계정(mailto:help@kkokkkok.app)에서 새 개인 계정(mailto:sositimer@gmail.com / Payments Profile ID: 4091-8230-9061)으로 앱(http://com.sosilab.kkokkkok.app)을 이전하고, Google Payments가 요구하는 추가 인증/확인 절차까지 모두 완료하는 것. 상황에 따라 필요한 절차(추가 서류, 추가 문의 등)가 달라질 수 있으므로, 이 태스크 안에서 체크리스트와 메모로 진행 상황을 관리.",,"December 9, 2025 12:11 PM",High,No,완료,[운영 인프라] Google Play 결제 프로필 오류 & 앱 이전 정리 (https://www.notion.so/Google-Play-8aee7ac2f5b347759093687cb2a7187a?pvs=21),Done,오후,,
[Google Play] Play 개발자팀에 앱 이전 공식 요청 제출,"November 28, 2025",김은향,"November 28, 2025 3:56 PM","Google Payments 안내에 따라, 기존 조직 프로필 계정(mailto:help@kkokkkok.app)에서 새 개인 계정(mailto:sositimer@gmail.com)으로 앱(com.sosilab.kkokkkok) 이전을 요청하는 티켓을 Play 개발자 지원팀에 생성하고, 티켓/문의 번호를 기록한다.",,"December 9, 2025 12:11 PM",High,No,완료,[운영 인프라] Google Play 결제 프로필 오류 & 앱 이전 정리 (https://www.notion.so/Google-Play-8aee7ac2f5b347759093687cb2a7187a?pvs=21),Done,오후,,
[어젠다쉐이커스] 행사 당일 리허설,"December 5, 2025",한명학,"November 28, 2025 10:37 PM","행사 당일(12/5) 현장에서 1회 리허설을 진행한다.
- 현장 장비/스크린 체크
- 발표 속도와 목소리 톤을 최종 점검하고 필요한 경우 아주 작은 수정만 한다.",,"December 7, 2025 3:46 PM",Medium,No,완료,2025 제주 어젠다 쉐이커스 – 소식연구소 발표 준비 (https://www.notion.so/2025-764b00adaa4545ebbecff5504046b5e1?pvs=21),Done,오후,,
[어젠다쉐이커스] 한완희 코치님 공유용 1–2p 요약 자료 작성,"December 1, 2025",김은향,"November 28, 2025 10:37 PM","한완희 코치님께 공유할 1–2p 요약 자료를 만든다.
- 포럼 기획 의도와 연결되는 소식연구소의 관점 한 줄
- 핵심 메시지 3개 요약
- 발표 목차(섹션 제목 수준)
을 포함한 간단한 문서(PDF 또는 노션 페이지)를 작성한다.",,"December 7, 2025 11:09 PM",High,No,완료,2025 제주 어젠다 쉐이커스 – 소식연구소 발표 준비 (https://www.notion.so/2025-764b00adaa4545ebbecff5504046b5e1?pvs=21),Done,오후,,
[어젠다쉐이커스] 한완희 코치님과 발표 방향성 미팅,"December 2, 2025",김은향,"November 28, 2025 10:37 PM","12/2 오후 한완희 코치님과의 미팅을 진행하고,
- 받은 피드백
- 수정해야 할 메시지/구조 포인트
- 추가로 준비해야 할 자료
를 노션 페이지에 메모로 정리한다.",,"December 10, 2025 11:43 AM",High,No,완료,2025 제주 어젠다 쉐이커스 – 소식연구소 발표 준비 (https://www.notion.so/2025-764b00adaa4545ebbecff5504046b5e1?pvs=21),Done,오후,,
[어젠다쉐이커스] 비즈니스 밋업용 대화 주제/제안 정리,"December 3, 2025",김은향,"November 28, 2025 10:37 PM","Business Meet-up(Link & Pivot) 세션에서 사용할 대화 구조를 준비한다.
- 우리가 찾는 파트너/협업 상대 유형 정리
- 제안할 수 있는 파일럿 아이디어 1~2개
- 서로에게 도움이 되는 질문 리스트 3~5개를 bullet로 작성한다.",,"December 3, 2025 11:56 AM",Medium,No,완료,2025 제주 어젠다 쉐이커스 – 소식연구소 발표 준비 (https://www.notion.so/2025-764b00adaa4545ebbecff5504046b5e1?pvs=21),Done,,,
[어젠다쉐이커스] 내부 리허설 (12/4),"December 4, 2025",한명학,"November 28, 2025 10:37 PM","12/4에 내부 리허설을 진행한다.
- 명학이 전체 스크립트를 보고 실제 속도로 발표해 보고
- 은향이 시간/메시지/톤에 대한 피드백을 메모로 남긴다.",,"December 9, 2025 11:00 AM",High,No,완료,2025 제주 어젠다 쉐이커스 – 소식연구소 발표 준비 (https://www.notion.so/2025-764b00adaa4545ebbecff5504046b5e1?pvs=21),Done,,,
[어젠다쉐이커스] 발표 대본 1차 작성,"December 3, 2025",한명학,"November 28, 2025 10:37 PM","PPT 2차 버전을 기준으로 10–15분 분량의 발표 대본 1차를 작성한다.
- 슬라이드별로 말해야 할 내용을 문단으로 쓰고
- 시간 체크를 위해 대략적인 분 단위 분량도 함께 적는다.",,"December 9, 2025 11:00 AM",High,No,완료,2025 제주 어젠다 쉐이커스 – 소식연구소 발표 준비 (https://www.notion.so/2025-764b00adaa4545ebbecff5504046b5e1?pvs=21),Done,,,
[어젠다쉐이커스] PPT 디자인/최종본 확정,"December 4, 2025",김은향,"November 28, 2025 10:37 PM","발표용 PPT를 최종 마감한다.
- 색상/폰트/레이아웃을 정리하고
- 불필요한 슬라이드는 제거
- 최종 PPT와 PDF를 저장해 둘 위치(노션 또는 드라이브 링크)를 정리한다.",,"December 4, 2025 12:17 PM",High,No,완료,2025 제주 어젠다 쉐이커스 – 소식연구소 발표 준비 (https://www.notion.so/2025-764b00adaa4545ebbecff5504046b5e1?pvs=21),Done,,,
[어젠다쉐이커스] PPT 1차 구조 슬라이드 작성,"December 2, 2025",김은향,"November 28, 2025 10:37 PM","피드백 전 단계의 PPT 1차 버전을 만든다.
- 각 슬라이드에 제목과 핵심 문장만 채워 넣고
- 이미지/그래픽은 자리 표시 정도만 넣어둔다.
완성본이 아니라 구조를 검토할 수 있는 수준을 목표로 한다.",,"December 4, 2025 12:17 PM",High,No,완료,2025 제주 어젠다 쉐이커스 – 소식연구소 발표 준비 (https://www.notion.so/2025-764b00adaa4545ebbecff5504046b5e1?pvs=21),Done,,,
[어젠다쉐이커스] 포럼 맥락 분석 & 요구사항 정리,"November 29, 2025",김은향,"November 28, 2025 10:37 PM","포럼 포스터와 안내문(PDF)을 기반으로 어젠다 쉐이커스 전체 기획 의도를 정리하고,
- 소식연구소가 포함된 Impact Relay 세션의 위치(기술 활용 케이스)
- 다른 3개 기업(댈로, 노벰버나인틴스, 태리타운)과 비교했을 때 소식연구소의 차별 포인트 3가지
를 bullet로 정리한다.",,"December 3, 2025 11:56 AM",High,No,완료,2025 제주 어젠다 쉐이커스 – 소식연구소 발표 준비 (https://www.notion.so/2025-764b00adaa4545ebbecff5504046b5e1?pvs=21),Done,,,
[어젠다쉐이커스] 발표 러프 아웃라인(목차) 작성,"December 1, 2025",김은향,"November 28, 2025 10:37 PM","10–15분 발표 기준 슬라이드 구조를 설계한다.
- 문제 정의 → 인사이트 → 솔루션 구조(제품/서비스) → 데이터/사례 → 앞으로의 계획 순서로 섹션을 나누고
- 각 섹션별로 예상 슬라이드 개수와 한 줄 요약을 작성한다.",,"December 3, 2025 11:56 AM",High,No,완료,2025 제주 어젠다 쉐이커스 – 소식연구소 발표 준비 (https://www.notion.so/2025-764b00adaa4545ebbecff5504046b5e1?pvs=21),Done,,,
[어젠다쉐이커스] 대본 2차 수정 및 슬라이드 동기화,"December 4, 2025",한명학,"November 28, 2025 10:37 PM","최종 PPT 버전에 맞춰 대본을 2차 수정한다.
- 강조할 문장에는 표시를 하고
- 멈춤/전환 포인트, 제스처/시선 처리 등 발표 팁을 메모로 추가한다.",,"December 9, 2025 11:00 AM",High,No,완료,2025 제주 어젠다 쉐이커스 – 소식연구소 발표 준비 (https://www.notion.so/2025-764b00adaa4545ebbecff5504046b5e1?pvs=21),Done,,,
[YouTube/W30] 쇼츠 1개 업로드,"November 29, 2025",김은향,"November 29, 2025 11:31 AM","W30 본편 영상에서 핵심 구간을 1개 선택해 쇼츠용으로 편집 및 업로드한다.
- 썸네일/제목/설명은 본편과 자연스럽게 연결되도록 설정
- 업로드 후 조회수/노출수 변화를 추적할 수 있도록 링크를 기록",,"December 15, 2025 12:31 PM",Medium,Yes,진행 중,YouTube 1주 1업로드 프로젝트 (https://www.notion.so/YouTube-1-1-429c2a5aa7b04d12b5a3923f9e698f91?pvs=21),Done,오후,,
[YouTube/W30] 쇼츠 2 업로드,"November 30, 2025",김은향,"November 29, 2025 11:32 AM","W30 본편 영상에서 두 번째 핵심 구간을 선택해 쇼츠용으로 편집 및 업로드한다.
- 썸네일/제목/설명은 본편과 자연스럽게 연결되도록 설정
- 업로드 후 링크를 기록하고 기본 지표를 확인",,"December 15, 2025 12:31 PM",Medium,Yes,진행 중,YouTube 1주 1업로드 프로젝트 (https://www.notion.so/YouTube-1-1-429c2a5aa7b04d12b5a3923f9e698f91?pvs=21),Done,오후,,
[YouTube/W30] 쇼츠 3 업로드,"December 1, 2025",김은향,"November 29, 2025 11:32 AM","W30 본편 영상에서 세 번째 핵심 구간을 선택해 쇼츠용으로 편집 및 업로드한다.
- 썸네일/제목/설명은 본편과 자연스럽게 연결되도록 설정
- 업로드 후 링크를 기록하고 기본 지표를 확인",,"December 15, 2025 12:31 PM",Medium,Yes,진행 중,YouTube 1주 1업로드 프로젝트 (https://www.notion.so/YouTube-1-1-429c2a5aa7b04d12b5a3923f9e698f91?pvs=21),Done,,,
청년창업사관학교 최종보고서 작성(요약),"November 29, 2025",한명학,"November 29, 2025 11:33 PM",,,"December 10, 2025 11:54 PM",High,No,시작 전,[지원사업] 정부지원사업 (https://www.notion.so/99b6de294422477b8ce78dc9ba87ca6d?pvs=21),Done,오후,,
청년창업사관학교 최종보고서 작성(본문),"November 29, 2025",한명학,"November 29, 2025 11:34 PM",,,"December 10, 2025 11:54 PM",High,No,시작 전,[지원사업] 정부지원사업 (https://www.notion.so/99b6de294422477b8ce78dc9ba87ca6d?pvs=21),Done,오후,,
10년 전략 리스크 및 해결 방안 정리,,김은향,"November 30, 2025 12:19 AM","10년 전략(2025~2035) 실행 과정에서 발생할 수 있는 핵심 리스크를 리스트업하고, 각 리스크별 완화/대응 방안을 정리한다.
- 최우선 5~7개 리스크를 선정한다.
- 각 리스크마다 영향도/발생 가능성을 간략히 메모한다.",,"December 7, 2025 3:46 PM",,No,,,Done,오후,,
내일 빌드업 지원사업팀 전화하기,"December 1, 2025",한명학,"November 30, 2025 7:52 PM","빌드업 지원사업팀에 전화해서 다음 내용을 전달한다.
- 다겸님 나갔다, 서류는 보내겠다
- 빌드업 연장 여부를 언제 알 수 있는지 문의
- 연장되면 사람을 뽑고 싶다는 의사 전달",,"December 10, 2025 11:54 PM",High,No,시작 전,[지원사업] 정부지원사업 (https://www.notion.so/99b6de294422477b8ce78dc9ba87ca6d?pvs=21),Done,오후,,
코칭 고용 공고 작성 및 게시,,한명학,"December 1, 2025 8:38 PM","프리랜서 코치 채용을 위한 공고를 완성하고 채용 플랫폼에 게시합니다. 2026 코칭 스케일업을 위한 코치 온보딩 준비 작업으로, 공고 게시 완료 시 태스크가 완료됩니다.",,"December 10, 2025 11:54 PM",High,No,,코치 1명 구인 & 1차 온보딩 준비 (https://www.notion.so/1-1-a59c63aad6fe4dd680d57a98f369a8ad?pvs=21),Done,,,
Loop OS V0 데이터 설계 – 1. 스키마 초안 만들기,"December 10, 2025",김은향,"December 2, 2025 12:45 AM",엔티티 초안 정의(User/Meal/Satiety/Emotion/Routine/CoachingSession/CoachingFeedback/Assignment/EventLog/Meta) 및 각 엔티티 필수 필드 1차 정의.,,"December 14, 2025 10:55 AM",High,Yes,진행 중,LoopOS V0 데이터 설계 (https://www.notion.so/LoopOS-V0-ef03e022c4c34c87a404c08816b467c0?pvs=21),In progress,야간,,
Loop OS V0 데이터 설계 – 4. Minimal Logging Spec,"December 19, 2025",김은향,"December 2, 2025 12:45 AM","필수 앱 이벤트 10개 정의(app_open, meal_start, meal_pause, meal_resume, meal_end, satiety_submit, emotion_submit, routine_complete, subscription_paywall_view, subscription_started/canceled) 및 각 이벤트 필드(eventName,timestamp,userId,context…).",,"December 16, 2025 11:25 PM",Medium,Yes,진행 중,LoopOS V0 데이터 설계 (https://www.notion.so/LoopOS-V0-ef03e022c4c34c87a404c08816b467c0?pvs=21),Not started,오후,,
Loop OS V0 데이터 설계 – 7~8. 리포트 정의 & V0 문서화,"December 19, 2025",김은향,"December 2, 2025 12:45 AM","Loop OS V0 리포트 지표(식사 시간, 포만감 변화, 감정 패턴, 폭식 위험 신호, 루틴 완료율, 코칭 주차별 변화) 정리 후, 엔티티/필드/관계도/이벤트 스펙/리포트 지표를 Notion 1페이지로 문서화.",,"December 16, 2025 11:25 PM",High,Yes,진행 중,LoopOS V0 데이터 설계 (https://www.notion.so/LoopOS-V0-ef03e022c4c34c87a404c08816b467c0?pvs=21),Not started,오후,,
Loop OS V0 데이터 설계 – 5. 데이터 QA 규칙,"December 17, 2025",김은향,"December 2, 2025 12:45 AM","meal_start 없이 meal_end 방지, satiety/Emotion intensity 범위, daily 기록 상한, sessionId 없는 CoachingFeedback 저장 불가 등 Validation Rule 작성.",,"December 16, 2025 11:25 PM",Medium,Yes,진행 중,LoopOS V0 데이터 설계 (https://www.notion.so/LoopOS-V0-ef03e022c4c34c87a404c08816b467c0?pvs=21),Not started,,,
Loop OS V0 데이터 설계 – 2. 데이터 플로우 정의,"December 18, 2025",김은향,"December 2, 2025 12:45 AM","앱 기준 플로우, 코칭 기준 플로우, 서버 저장 순서도(app→API→DB→Aggregation→코치 대시보드) 정리.",,"December 16, 2025 11:25 PM",High,Yes,진행 중,LoopOS V0 데이터 설계 (https://www.notion.so/LoopOS-V0-ef03e022c4c34c87a404c08816b467c0?pvs=21),Not started,,,
Loop OS V0 데이터 설계 – 0. 준비 (Warm-up),"December 8, 2025",김은향,"December 2, 2025 12:45 AM","앱 내부 기능 인벤토리, 코칭 세션 데이터 요소, 전체 데이터 흐름(식사→감정→루틴→코칭) A4 1장 스케치.",,"December 8, 2025 11:49 PM",High,Yes,진행 중,LoopOS V0 데이터 설계 (https://www.notion.so/LoopOS-V0-ef03e022c4c34c87a404c08816b467c0?pvs=21),Done,오후,,
Loop OS V0 데이터 설계 – 3. 관계(Relationship) 설계,"December 19, 2025",김은향,"December 2, 2025 12:45 AM","User↔Meal↔Satiety↔Emotion↔CoachingSession↔CoachingFeedback, EventLog, Assignment 관계 정의 및 http://User.id 공통 PK 구조 고정.",,"December 16, 2025 11:25 PM",Medium,Yes,진행 중,LoopOS V0 데이터 설계 (https://www.notion.so/LoopOS-V0-ef03e022c4c34c87a404c08816b467c0?pvs=21),Not started,,,
Loop OS V0 데이터 설계 – 6. 저장 전략 결정,"December 19, 2025",김은향,"December 2, 2025 12:45 AM","메인 DB(Firestore vs Supabase/Postgres) 결정, EventLog 분리 테이블, Meal/Satiety/Emotion user-centric 구조, CoachingSession RDB 설계 방향 정리.",,"December 16, 2025 11:25 PM",Medium,Yes,진행 중,LoopOS V0 데이터 설계 (https://www.notion.so/LoopOS-V0-ef03e022c4c34c87a404c08816b467c0?pvs=21),Not started,,,
콘텐츠 빌드업 현장조사 서류 준비,"December 2, 2025",한명학,"December 2, 2025 12:50 PM","내일 오후 2시 콘텐츠 빌드업 사업 현장조사를 대비하여 필요 서류를 준비합니다. 준비 서류: 근로계약서, 4대보험 가입 증명서, 급여 지급 내역, 재직증명서, 출퇴근 기록, 사업 수행 관련 증빙 서류 등. 모든 서류 준비 완료 및 출력/파일로 정리 시 태스크 완료.",,"December 10, 2025 11:54 PM",High,No,시작 전,[지원사업] 정부지원사업 (https://www.notion.so/99b6de294422477b8ce78dc9ba87ca6d?pvs=21),Done,,,
콘텐츠 빌드업 현장조사 대응 (오후 2시),"December 3, 2025",한명학,"December 2, 2025 12:50 PM","콘텐츠 빌드업 지원사업팀 현장조사를 대응합니다. 지원 직원 근무 현황, 급여 지급 내역, 사업 수행 상황 등을 설명할 수 있도록 준비. 현장조사 완료 시 태스크 완료.",,"December 10, 2025 11:54 PM",High,No,시작 전,[지원사업] 정부지원사업 (https://www.notion.so/99b6de294422477b8ce78dc9ba87ca6d?pvs=21),Done,,,
유료 구독 서비스 결제 카드 변경 완료,"December 2, 2025",한명학,"December 3, 2025 12:57 AM",앱 유료 구독 서비스의 결제 카드 정보를 변경 완료. 결제 인프라 안정성 확보.,,"December 10, 2025 11:54 PM",Medium,No,시작 전,[QA·품질관리] 서비스 QA (https://www.notion.so/QA-QA-6cac13c69e7f42cbbbec30de50c9172e?pvs=21),Done,오후,,
유료 구독 서비스 결제 카드 변경,,한명학,"December 3, 2025 12:57 AM",,,"December 10, 2025 11:54 PM",Medium,No,시작 전,[QA·품질관리] 서비스 QA (https://www.notion.so/QA-QA-6cac13c69e7f42cbbbec30de50c9172e?pvs=21),Done,오후,,
외부 비서 채용 – 3. 공고용 업무·요건 문단 작성,"December 6, 2025",김은향,"December 4, 2025 6:04 PM","엔씨온에 들어갈 주요 업무(GBT 반복작업, 구글 시트 정리, 문서·콘텐츠 업로드)와 요구 역량(한국어, 시트, 사무보조)을 공고용 텍스트로 작성.",,"December 7, 2025 3:46 PM",High,Yes,진행 중,외부 비서(Overseas Assistant) 채용 & 1개월 테스트 온보딩 (https://www.notion.so/Overseas-Assistant-1-ab8b2137f03a4585a58f8568fbacbea7?pvs=21),Not started,오후,,
외부 비서 채용 – 2. 엔씨온 조건 최종 합의 정리,"December 5, 2025",김은향,"December 4, 2025 6:04 PM","근무일/시간(평일 13–15시 + 주말 오후), 시급(C 코스 7,500원), 12월 테스트·1월 확장 구조를 한 문서로 정리해 엔씨온 기준과 완전히 일치시키기.",,"December 7, 2025 3:46 PM",High,Yes,진행 중,외부 비서(Overseas Assistant) 채용 & 1개월 테스트 온보딩 (https://www.notion.so/Overseas-Assistant-1-ab8b2137f03a4585a58f8568fbacbea7?pvs=21),Not started,오후,,
외부 비서 채용 – 5. 인터뷰 질문 세트 정리,"December 9, 2025",한명학,"December 4, 2025 6:04 PM","GPT/시트 활용 경험, 반복작업 내구도, 한국어 문서 다듬기, 보안 인식 등을 검증할 질문 리스트를 1차 인터뷰용으로 정리.",,"December 9, 2025 4:25 PM",High,Yes,진행 중,외부 비서(Overseas Assistant) 채용 & 1개월 테스트 온보딩 (https://www.notion.so/Overseas-Assistant-1-ab8b2137f03a4585a58f8568fbacbea7?pvs=21),Done,오후,,
외부 비서 채용 – 4. 인터뷰 방식/플로우 확정,"December 9, 2025",한명학,"December 4, 2025 6:04 PM","엔씨온→카톡→Google Meet 인터뷰 플로우와, 1차 인터뷰 시간/형식(15–20분, 질문 구조)을 문서로 정리.",,"December 9, 2025 1:58 PM",Medium,Yes,진행 중,외부 비서(Overseas Assistant) 채용 & 1개월 테스트 온보딩 (https://www.notion.so/Overseas-Assistant-1-ab8b2137f03a4585a58f8568fbacbea7?pvs=21),Done,오후,,
외부 비서 채용 – 7. 보안·권한 셋업 체크리스트 초안,"December 13, 2025",한명학,"December 4, 2025 6:04 PM","Google Drive/Notion Guest/GPT 계정 권한 부여·회수 체크리스트 초안을 만들고, 수습 종료 시 플로우까지 정의.",,"December 14, 2025 11:46 PM",Medium,Yes,진행 중,외부 비서(Overseas Assistant) 채용 & 1개월 테스트 온보딩 (https://www.notion.so/Overseas-Assistant-1-ab8b2137f03a4585a58f8568fbacbea7?pvs=21),Done,오후,,
외부 비서 채용 – 1. 역할·권한 정책 문서 고정,"December 4, 2025",김은향,"December 4, 2025 6:04 PM","현재 정리된 Overseas Assistant 접근권한/업무 경계 정책을 Notion/Google Docs 한 페이지로 고정 문서화하고, 엔씨온/후보자 공유용 레퍼런스로 정리한다.",,"December 4, 2025 6:04 PM",High,Yes,진행 중,외부 비서(Overseas Assistant) 채용 & 1개월 테스트 온보딩 (https://www.notion.so/Overseas-Assistant-1-ab8b2137f03a4585a58f8568fbacbea7?pvs=21),Not started,,,
외부 비서 채용 – 6. 후보 평가 기준표 만들기,"December 9, 2025",한명학,"December 4, 2025 6:04 PM","합격/보류/탈락 기준(한국어, 커뮤니케이션, 책임감, 최소 3개월 가능 여부 등)을 테이블 형태로 정리해 월요일부터 후보 검토에 사용할 수 있게 준비.",,"December 9, 2025 4:25 PM",High,Yes,진행 중,외부 비서(Overseas Assistant) 채용 & 1개월 테스트 온보딩 (https://www.notion.so/Overseas-Assistant-1-ab8b2137f03a4585a58f8568fbacbea7?pvs=21),Done,,,
코치 규칙 정하기,"December 14, 2025",,"December 6, 2025 12:21 PM","꼭꼭/LOOP 코치로 함께 일할 때 필요한 기본 규칙을 정리한다.
- 커뮤니케이션 규칙 (슬랙/카톡/이메일 등)
- 세션 진행 방식 및 시간 규칙
- 기록/라벨링 관련 원칙
정리된 규칙 초안을 문서화하면 완료.",,"December 7, 2025 11:09 PM",,No,,코치 1명 구인 & 1차 온보딩 준비 (https://www.notion.so/1-1-a59c63aad6fe4dd680d57a98f369a8ad?pvs=21),Not started,오후,,
채용 및 계약서 작성,"December 14, 2025",,"December 6, 2025 12:21 PM","선정된 코치와 채용 및 계약서를 작성한다.
- 주요 조항(보안, 개인정보, 비밀유지, 저작권 등) 포함
- 단가, 기간, 업무 범위 명시
서명 완료된 계약서가 확보되면 완료.",,"December 7, 2025 11:09 PM",,No,,코치 1명 구인 & 1차 온보딩 준비 (https://www.notion.so/1-1-a59c63aad6fe4dd680d57a98f369a8ad?pvs=21),Not started,오후,,
혜영 코치에게 인수인계 받기,"December 14, 2025",,"December 6, 2025 12:21 PM","혜영 코치에게 현재 진행 중인 코칭 업무 및 프로세스를 인수인계 받는다. 어떤 세션/클라이언트/프로토콜을 넘겨받는지 정리하고, 필요한 자료를 공유받으면 완료.",,"December 7, 2025 11:09 PM",,No,,코치 1명 구인 & 1차 온보딩 준비 (https://www.notion.so/1-1-a59c63aad6fe4dd680d57a98f369a8ad?pvs=21),Not started,오후,,
기본 프로토콜 및 교육 프로세스 정하기,"December 14, 2025",,"December 6, 2025 12:21 PM","새 코치를 위한 기본 코칭 프로토콜과 교육/온보딩 프로세스를 정리한다.
- 필수 세션 플로우 및 체크리스트
- 기록/라벨링 기준
- 첫 2주~4주 온보딩 플랜
문서/노션 페이지 기준안이 만들어지면 완료.",,"December 6, 2025 12:21 PM",,No,,코치 1명 구인 & 1차 온보딩 준비 (https://www.notion.so/1-1-a59c63aad6fe4dd680d57a98f369a8ad?pvs=21),Not started,,,
면접 · 테스트 사항 결정,"December 6, 2025",김은향,"December 6, 2025 12:21 PM","코치 후보자를 평가하기 위한 면접 질문 및 실무 테스트 과제를 정리한다.
- 코칭 경험/철학 관련 질문
- 정서·섭식 루프 이해를 확인할 질문
- 실제 사례 기반 미니 코칭/라벨링 테스트
구조화된 체크리스트/폼이 만들어지면 완료.",,"December 6, 2025 9:35 PM",High,No,,코치 1명 구인 & 1차 온보딩 준비 (https://www.notion.so/1-1-a59c63aad6fe4dd680d57a98f369a8ad?pvs=21),Done,,,
프리랜서 계약 단가 결정,"December 14, 2025",한명학,"December 6, 2025 12:21 PM","코치 1명에 대한 프리랜서 계약 단가 및 조건을 결정한다.
- 세션/주 단가 또는 월 단가
- 예상 투입 시간, 최소 계약 기간
- 인센티브/보너스 구조(있다면)
내부 기준안이 정리되면 완료.",,"December 17, 2025 11:35 AM",High,No,,코치 1명 구인 & 1차 온보딩 준비 (https://www.notion.so/1-1-a59c63aad6fe4dd680d57a98f369a8ad?pvs=21),Done,,,
카카오톡 채널 문의 답변,"December 6, 2025",한명학,"December 6, 2025 7:40 PM",,,"December 10, 2025 11:52 PM",Medium,No,시작 전,[CS·운영] 고객관리/대응(CS) (https://www.notion.so/CS-CS-eb4db460772f4cd8a556f563948fba77?pvs=21),Done,,,
유튜브 대댓글 작성,"December 6, 2025",한명학,"December 6, 2025 7:40 PM",,,"December 10, 2025 11:52 PM",Low,No,"완료,시작 전","[운영 인프라] Google Play 결제 프로필 오류 & 앱 이전 정리 (https://www.notion.so/Google-Play-8aee7ac2f5b347759093687cb2a7187a?pvs=21), [CS·운영] 고객관리/대응(CS) (https://www.notion.so/CS-CS-eb4db460772f4cd8a556f563948fba77?pvs=21)",Done,,,
스타트업베이 최종보고서 작성,"December 6, 2025",한명학,"December 6, 2025 7:40 PM",,,"December 10, 2025 11:52 PM",Medium,No,시작 전,[지원사업] 정부지원사업 (https://www.notion.so/99b6de294422477b8ce78dc9ba87ca6d?pvs=21),Done,,,
1:1 코칭,"December 6, 2025",한명학,"December 6, 2025 7:40 PM",,,"December 10, 2025 11:52 PM",High,No,시작 전,[코칭 서비스] 1:1 코칭 서비스 (https://www.notion.so/1-1-f343e945e47d4c6e82c7c31ba1d13ecf?pvs=21),Done,,,
프리랜서 코치 커피챗 (10:20),"December 7, 2025",한명학,"December 7, 2025 9:05 AM","오전 10:20 프리랜서 코치 후보자와 간단한 커피챗을 진행합니다. 코칭 경험, 소식연구소 비전 공유, 협업 가능성 등을 논의하고 상호 fit을 확인합니다. 커피챗 완료 및 후속 액션 결정 시 태스크 완료.",,"December 10, 2025 11:52 PM",High,No,,코치 1명 구인 & 1차 온보딩 준비 (https://www.notion.so/1-1-a59c63aad6fe4dd680d57a98f369a8ad?pvs=21),Done,,,
"일요일 1:1 코칭 서비스 진행 (화상 코칭, 피드백)","December 7, 2025",한명학,"December 7, 2025 9:13 AM",일요일 정기 1:1 코칭 서비스를 진행한다. 화상 코칭과 피드백 제공을 완료하면 끝난 것으로 본다. 산출물: 코칭 세션 완료 및 피드백 전달,,"December 10, 2025 11:51 PM",High,No,시작 전,[코칭 서비스] 1:1 코칭 서비스 (https://www.notion.so/1-1-f343e945e47d4c6e82c7c31ba1d13ecf?pvs=21),Done,,,
프리랜서 코치와 커피챗 진행,"December 7, 2025 1:20 AM (UTC)",한명학,"December 7, 2025 9:13 AM","오전 10:20에 프리랜서 코치와 커피챗을 진행한다. 코칭 협업 방향성, 역할, 일정 등을 논의하고 합의하면 완료. 산출물: 미팅 노트 및 액션 아이템",,"December 10, 2025 11:51 PM",Medium,No,,코치 1명 구인 & 1차 온보딩 준비 (https://www.notion.so/1-1-a59c63aad6fe4dd680d57a98f369a8ad?pvs=21),Done,,,
[CoachOS] 코치 인증 플로우 v1 (로그인 UI + Auth Cubit + Repository),"December 11, 2025",김은향,"December 7, 2025 2:54 PM","코치가 LoopOS 대시보드에 로그인할 수 있는 최소 인증 플로우를 완성한다.
- 코치 로그인 페이지 UI (coach_login_page.dart)
  - 이메일/비밀번호 입력 폼
  - 로그인 버튼, 에러 메시지 영역
- 코치 인증 Cubit (coach_auth_cubit.dart)
  - 로그인 상태/로딩/에러 상태 관리
  - loopOS_coaches 컬렉션에서 role 검증
  - 세션 유지 로직(Firebase Auth currentUser 기준)
- 코치 Repository (loopOS_coach_repository.dart)
  - 코치 정보 조회
  - 담당 고객 목록 조회를 위한 기본 메서드 골격
이 태스크가 끝나면 “코치 계정으로 로그인 → 인증된 상태로 /loopOS 메인 대시보드에 진입”하는 기본 흐름이 동작한다.",,"December 11, 2025 11:05 PM",High,Yes,진행 중,coachOS AI CRM 시스템 – Phase 1 MVP 기초 (https://www.notion.so/coachOS-AI-CRM-Phase-1-MVP-8a71cf36f0784cf4b0b048832afea7e0?pvs=21),Done,야간,,
[CoachOS] Phase 1 – 프로젝트 셋업 (Firestore + 라우팅 기본 구조),"December 11, 2025",김은향,"December 7, 2025 2:54 PM","LoopOS AI 코칭 시스템 Phase 1을 위해 백엔드/라우팅의 기초 골격을 세팅한다.
- Firestore 컬렉션 생성:
  - loopOS_coaches / loopOS_customers / loopOS_rooms
  - loopOS_summaries / loopOS_protocols (Week1~12 데이터 입력은 이후 단계)
- Firestore Security Rules v1:
  - 코치 권한 규칙 / 관리자 권한 규칙 / 고객 데이터 접근 규칙
  - 기존 meal_diaries 읽기 권한 추가
  - 기본 테스트 후 Rules 배포
- 라우팅 기본 구조:
  - /loopOS, /loopOS/coaching, /loopOS/scheduler, /loopOS/room/:roomId 추가
  - 코치 권한 가드 기본 로직 연결
이 태스크가 끝나면 “인증/화면 없이도, LoopOS 영역의 Firestore 구조와 라우팅 뼈대가 준비된 상태”가 된다.",,"December 12, 2025 10:41 AM",High,Yes,진행 중,coachOS AI CRM 시스템 – Phase 1 MVP 기초 (https://www.notion.so/coachOS-AI-CRM-Phase-1-MVP-8a71cf36f0784cf4b0b048832afea7e0?pvs=21),Done,오후,,
W31 완성 대본 작성,"December 7, 2025",한명학,"December 7, 2025 9:41 PM",,,"December 15, 2025 1:23 PM",High,Yes,진행 중,YouTube 1주 1업로드 프로젝트 (https://www.notion.so/YouTube-1-1-429c2a5aa7b04d12b5a3923f9e698f91?pvs=21),Done,오후,,
인사면담 진행,"December 8, 2025",한명학,"December 7, 2025 10:03 PM",,,"December 10, 2025 11:52 PM",Medium,No,시작 전,[경영·운영] 경영 관리 (https://www.notion.so/1cd02596e9b949358700d91ac8b0eb77?pvs=21),Done,오전,,
코칭 규정 만들기,"December 7, 2025",한명학,"December 8, 2025 12:54 PM",,,"December 10, 2025 11:51 PM",Medium,No,시작 전,[경영·운영] 경영 관리 (https://www.notion.so/1cd02596e9b949358700d91ac8b0eb77?pvs=21),Done,야간,,
프리랜서 코치 면접 진행,"December 10, 2025 2:00 PM (GMT+9) → 2:00 PM","김은향, 한명학","December 8, 2025 1:01 PM","프리랜서 코치 채용 면접 진행. 참석자: 한명학, 김은향
https://meet.google.com/qam-qomu-kwh
",,"December 10, 2025 3:12 PM",Medium,No,,코치 1명 구인 & 1차 온보딩 준비 (https://www.notion.so/1-1-a59c63aad6fe4dd680d57a98f369a8ad?pvs=21),Done,오후,https://meet.google.com/qam-qomu-kwh,
와디즈 새소식 업로드,"December 8, 2025",한명학,"December 8, 2025 4:09 PM",,,"December 10, 2025 11:51 PM",Medium,Yes,진행 중,[와디즈] 12주 코칭 습관팩 런칭 (https://www.notion.so/12-d800760bcda44670adaf7764cfdcbcf9?pvs=21),Done,오전,,
와디즈 체험 코칭 진행(2명),"December 8, 2025",한명학,"December 8, 2025 4:09 PM",,,"December 10, 2025 11:51 PM",Medium,Yes,진행 중,[와디즈] 12주 코칭 습관팩 런칭 (https://www.notion.so/12-d800760bcda44670adaf7764cfdcbcf9?pvs=21),Done,오후,,
유튜브 W31 촬영,"December 8, 2025",한명학,"December 8, 2025 11:32 PM",,,"December 15, 2025 12:31 PM",Medium,Yes,진행 중,YouTube 1주 1업로드 프로젝트 (https://www.notion.so/YouTube-1-1-429c2a5aa7b04d12b5a3923f9e698f91?pvs=21),Done,야간,,
JEMI 최종결과보고서 작성 및 제출,"December 12, 2025",한명학,"December 8, 2025 11:49 PM","제출 기한: 2025.12.12.(금) 13시까지

제출 서류:
- 최종결과보고서: 제출공문, 최종수정결과보고서(보완 후 제출), 실적증빙(보완 후 제출)
- 정산보고서: 제출공문, 정산보고서(증빙서류포함), 회계검증보고서, e나라도움 집행증빙서류

완료 조건: 모든 서류를 기한 내 제출 완료",,"December 12, 2025 12:00 PM",High,No,시작 전,[지원사업] 정부지원사업 (https://www.notion.so/99b6de294422477b8ce78dc9ba87ca6d?pvs=21),Done,오후,,
프리랜서 면접 질문 및 업무 규칙 준비,"December 9, 2025",한명학,"December 8, 2025 11:51 PM","목적: 프리랜서 채용을 위한 면접 질문 세트와 협업 시 업무 운영 규칙을 정의

완료 조건:
- 면접 시 사용할 질문 리스트 작성 완료
- 프리랜서와 일할 때 적용할 업무 규칙(커뮤니케이션, 산출물, 일정 관리 등) 문서화 완료

산출물: 면접 질문 리스트 + 업무 규칙 문서",,"December 10, 2025 2:50 PM",High,No,,코치 1명 구인 & 1차 온보딩 준비 (https://www.notion.so/1-1-a59c63aad6fe4dd680d57a98f369a8ad?pvs=21),Done,,,
CS 내용 정리,"December 10, 2025",한명학,"December 9, 2025 12:00 AM","목적: 고객 지원 내용을 정리하고 분석

완료 조건:
- 최근 CS 문의 및 응대 내용 정리 완료
- 주요 이슈 및 패턴 파악 완료

산출물: 정리된 CS 내용 문서",,"December 10, 2025 11:55 PM",Medium,No,시작 전,[CS·운영] 고객관리/대응(CS) (https://www.notion.so/CS-CS-eb4db460772f4cd8a556f563948fba77?pvs=21),Done,,,
앱 QA 내용 전반적으로 정리 및 테스트,"December 10, 2025",한명학,"December 9, 2025 12:00 AM","목적: 앱의 주요 기능을 전반적으로 테스트하고 QA 내용 정리

완료 조건:
- 주요 기능 테스트 진행 완료
- 발견된 버그 및 개선사항 정리 완료

산출물: QA 테스트 결과 및 이슈 리스트",,"December 12, 2025 9:45 PM",Medium,No,,,Done,,,
와디즈 워크북/다이어리 수요량 예측 및 수량 산정,"December 10, 2025",한명학,"December 9, 2025 12:01 AM","목적: 와디즈 워크북과 다이어리의 수요를 예측하고 적정 수량 재산정

완료 조건:
- 워크북 수요량 예측 완료
- 다이어리 수요량 예측 완료
- 최종 주문 수량 산정 완료

산출물: 수요량 예측 자료 및 최종 수량 산정 문서",,"December 10, 2025 11:50 PM",Medium,Yes,진행 중,[와디즈] 12주 코칭 습관팩 런칭 (https://www.notion.so/12-d800760bcda44670adaf7764cfdcbcf9?pvs=21),Done,,,
와디즈 체험 코칭 3건 진행,"December 10, 2025",한명학,"December 9, 2025 12:06 AM","목적: 와디즈 체험 코칭 3건 진행

완료 조건:
- 총 3건의 체험 코칭 세션 진행 완료
- 각 코칭 후 피드백 정리 및 기록

산출물: 체험 코칭 3건 기록 및 피드백",,"December 10, 2025 11:38 PM",High,Yes,진행 중,[와디즈] 12주 코칭 습관팩 런칭 (https://www.notion.so/12-d800760bcda44670adaf7764cfdcbcf9?pvs=21),Done,,,
워크북&다이어리 리워드 관련 새소식 작성,"December 9, 2025",한명학,"December 9, 2025 12:06 AM","목적: 와디즈 워크북과 다이어리 리워드에 대한 새소식 콘텐츠 작성

완료 조건:
- 워크북&다이어리 리워드 소개 새소식 작성 완료
- 와디즈에 새소식 게시 완료

산출물: 게시된 새소식 콘텐츠",,"December 10, 2025 11:51 PM",Medium,Yes,진행 중,[와디즈] 12주 코칭 습관팩 런칭 (https://www.notion.so/12-d800760bcda44670adaf7764cfdcbcf9?pvs=21),Done,,,
직원에게 줄 업무 작성(ㅎ님),"December 9, 2025",한명학,"December 9, 2025 12:10 AM","목적: 직원에게 할당할 업무 내용을 작성하고 정리

완료 조건:
- 직원에게 전달할 업무 리스트 작성 완료
- 각 업무별 목표, 산출물, 기한 명시 완료

산출물: 직원 업무 지시 문서",,"December 10, 2025 11:51 PM",Medium,No,시작 전,[경영·운영] 경영 관리 (https://www.notion.so/1cd02596e9b949358700d91ac8b0eb77?pvs=21),Done,,,
호호요가 채용 공고 모든 지역에 게시,"December 11, 2025",한명학,"December 9, 2025 12:14 AM","목적: 기존에 작성한 채용 공고를 호호요가 플랫폼의 모든 지역에 게시

완료 조건:
- 채용 공고 내용 최종 확인
- 호호요가 모든 지역에 채용 공고 게시 완료

산출물: 모든 지역에 게시 완료된 채용 공고",,"December 11, 2025 10:36 PM",Medium,No,,코치 1명 구인 & 1차 온보딩 준비 (https://www.notion.so/1-1-a59c63aad6fe4dd680d57a98f369a8ad?pvs=21),Done,,,
JEMI 디딤돌 사업금 사용내역서 제출(정산을 위한),"December 9, 2025",한명학,"December 9, 2025 11:15 AM",,,"December 10, 2025 11:51 PM",Medium,No,시작 전,[지원사업] 정부지원사업 (https://www.notion.so/99b6de294422477b8ce78dc9ba87ca6d?pvs=21),Done,,,
[Google Play] 앱 이전 후 결제/구독 상태 최종 점검,"December 9, 2025",김은향,"December 9, 2025 12:12 PM","Google Play 앱 이전이 완료된 뒤, 새 계정과 RevenueCat/결제 플로우가 정상 동작하는지 상태만 확인하는 태스크.

체크리스트

1. 새 계정에서 앱이 제대로 보이는지
   1) 새 개발자 계정으로 로그인
   2) 왼쪽 메뉴에서 모든 앱 클릭
      - 목록에 꼭꼭 - 다이어트 요요없는 행동･감정기반 식습관 관리가 보이는지 확인
   3) 앱을 클릭해서 상단 대시보드, 릴리스 > 프로덕션 화면이 정상적으로 열리는지 확인
   → “앱이 새 계정으로 잘 넘어왔는지” 확인하는 단계.

2. 인앱상품 / 구독이 그대로 있는지
   1) 앱 선택 후 왼쪽 메뉴에서 수익 창출 클릭
   2) 그 아래에서 상품 → 구독, (있다면) 상품 → 일회성 상품 확인
   3) 여기서
      - 원래 쓰던 구독 ID (예: monthly_..., yearly_...) 가 전부 그대로 있는지
      - 상태가 활성으로 표시되는지 확인
   → 그대로면 RevenueCat과의 연결도 그대로 살아 있다고 가정할 수 있음. [추론]

3. 기존 구독자 수가 보이는지
   1) 같은 수익 창출 → 구독 화면에서 상단 통계/구독자 관련 탭 확인
   2) 활성 구독 숫자가 비정상적으로 0은 아닌지,
      예전에 기억하는 숫자와 크게 괴리 나지 않는지 감으로 체크
   → 숫자가 전부 0으로 날아가 있으면 이상, 어느 정도 유지되어 있으면 정상 흐름으로 판단. [추론]

4. RevenueCat 설정 가볍게 점검
   1) RevenueCat 대시보드에서 프로젝트 진입
   2) 왼쪽 메뉴 App Settings (또는 톱니바퀴) → Integrations → Google Play 확인
      - Service Account JSON 키가 그대로 있는지
      - 빨간 에러/경고 메시지가 없는지 확인
   → 앱 이전으로 이 부분이 깨질 가능성은 낮지만, 혹시 모를 권한 문제를 한 번 보는 단계. [추론]

5. 실제 결제 테스트 (핵심)
   1) 테스트용 안드로이드 기기에서 Google Play 로그인 (테스트 계정 또는 실제 계정)
   2) 앱 설치 후 실행
   3) 앱에서 실제 구독/결제 버튼 눌러서
      - 결제 창이 정상적으로 뜨는지
      - 결제가 정상적으로 완료되는지 확인
   4) 결제 후에
      - 앱에서 “구독 활성화” 상태로 잘 인식되는지 확인
      - RevenueCat 대시보드 → Customers에서 해당 유저의 Entitlement 활성화 여부 확인
   → 이 테스트가 한 번만 통과하면, ""결제 문제는 사실상 끝났다""고 봐도 되는 단계. [추론]

6. (선택) 서버/Webhook 로그 확인
   - 만약 다음을 사용 중이라면:
     - Google Play Billing 서버 알림
     - RevenueCat Webhook
     - 자체 서버 결제/갱신 로그 수집
   - 앱 이전 완료 이후에 들어온 새 결제/갱신 로그가 정상적으로 찍히는지 마지막으로 확인

정리
- 반드시 해야 하는 건 설정 변경이 아니라 상태 확인.
- 위 1~5번을 한 번씩 쭉 점검하면, 실질적으로 앱 이전 후 결제/구독 플로우 점검은 끝난다.",,"December 9, 2025 1:46 PM",High,No,완료,[운영 인프라] Google Play 결제 프로필 오류 & 앱 이전 정리 (https://www.notion.so/Google-Play-8aee7ac2f5b347759093687cb2a7187a?pvs=21),Done,오후,,
[Google Play] 앱 이전 후 실제 결제 테스트 진행,"December 9, 2025",한명학,"December 9, 2025 12:41 PM","Google Play 앱 이전이 완료된 뒤, 실제 결제 플로우가 끝까지 정상 동작하는지 테스트 기기에서 직접 결제까지 진행해 확인하는 태스크.

체크리스트 (실제 결제 테스트)

1) 테스트용 안드로이드 기기에서 Google Play 로그인 (테스트 계정 또는 실제 계정)
2) 앱 설치 후 실행
3) 앱에서 실제 구독/결제 버튼을 눌러서
   - 결제 창이 정상적으로 뜨는지
   - 결제가 정상적으로 완료되는지 확인
4) 결제 후에
   - 앱에서 “구독 활성화” 상태로 잘 인식되는지 확인
   - RevenueCat 대시보드 → Customers에서 해당 유저의 Entitlement 활성화 여부 확인

위 테스트가 한 번 정상 통과하면, 이번 Incident와 관련된 결제 문제는 사실상 종료된 것으로 본다.",,"December 10, 2025 12:08 AM",High,No,완료,[운영 인프라] Google Play 결제 프로필 오류 & 앱 이전 정리 (https://www.notion.so/Google-Play-8aee7ac2f5b347759093687cb2a7187a?pvs=21),Done,오후,,
"[급여·세무] 12월 직원 월급 처리 (황혜림, 혜영, 명학)","December 10, 2025",한명학,"December 9, 2025 3:42 PM","12월 직원 급여(황혜림, 혜영, 명학) 지급 처리. 각 직원별 급여 금액 확인 후 계좌 이체 완료하면 태스크 종료.",,"December 10, 2025 10:04 AM",High,No,,,Done,오후,,
[빌드업 사업] 11월·12월 지원금 서류 작성,"December 13, 2025",한명학,"December 9, 2025 4:01 PM","제주 콘텐츠 청년 일자리 빌드업 지원사업 11월·12월 지급분 서류 작성 및 제출. 인건비(일할계산, 종료일 12/31 기준), 교통비(15일 이상 근로자, 12월 180만원), 12월 지원금 선지급 요청 공문 포함. 제출 완료 시 태스크 종료.",,"December 14, 2025 11:24 AM",High,No,시작 전,[지원사업] 정부지원사업 (https://www.notion.so/99b6de294422477b8ce78dc9ba87ca6d?pvs=21),Done,오후,,
[1:1 코칭] 1차 코칭 세션,"December 10, 2025",한명학,"December 9, 2025 9:14 PM",수요일 오후 7시 1:1 코칭 세션 진행. 코칭 대상자와의 정서·섭식 관계 재구성 세션을 통해 루프 패턴을 파악하고 액션 아이템을 도출.,,"December 10, 2025 11:50 PM",Medium,No,시작 전,[코칭 서비스] 1:1 코칭 서비스 (https://www.notion.so/1-1-f343e945e47d4c6e82c7c31ba1d13ecf?pvs=21),Done,오후,,
[1:1 코칭] 2차 코칭 세션,"December 10, 2025",한명학,"December 9, 2025 9:14 PM",수요일 오후 8시 1:1 코칭 세션 진행. 코칭 대상자와의 정서·섭식 관계 재구성 세션을 통해 루프 패턴을 파악하고 액션 아이템을 도출.,,"December 10, 2025 11:50 PM",Medium,No,시작 전,[코칭 서비스] 1:1 코칭 서비스 (https://www.notion.so/1-1-f343e945e47d4c6e82c7c31ba1d13ecf?pvs=21),Done,오후,,
코칭 참여자 식후감정일기 피드백,"December 10, 2025",한명학,"December 10, 2025 12:08 AM",,,"December 10, 2025 11:50 PM",Medium,No,시작 전,[코칭 서비스] 1:1 코칭 서비스 (https://www.notion.so/1-1-f343e945e47d4c6e82c7c31ba1d13ecf?pvs=21),Done,,,
[프리랜서 면접] 코칭 메뉴얼 제작,"December 11, 2025 → December 14, 2025",한명학,"December 10, 2025 3:13 PM","프리랜서 코치가 꼭꼭Fit 코칭을 진행할 때 참고할 표준 메뉴얼을 작성합니다. 코칭 프로토콜, 피드백 작성 가이드, 식후감정일기 리뷰 방법, 참여자 응대 원칙 등을 포함하여 일관된 코칭 품질을 유지할 수 있도록 합니다.",,"December 14, 2025 2:06 PM",High,No,,코치 1명 구인 & 1차 온보딩 준비 (https://www.notion.so/1-1-a59c63aad6fe4dd680d57a98f369a8ad?pvs=21),Done,오후,,
[프리랜서 면접] 제공할 과제 내용 정리(녹음본 포함),"December 13, 2025",한명학,"December 10, 2025 3:13 PM","오늘 진행한 프리랜서 코치 면접 후 후보자에게 제공할 과제 내용을 정리합니다. 면접 녹음본을 검토하고, 과제 요구사항·평가 기준·제출 형식을 명확히 문서화하여 후보자가 바로 착수할 수 있도록 준비합니다.",,"December 14, 2025 7:19 PM",High,No,,코치 1명 구인 & 1차 온보딩 준비 (https://www.notion.so/1-1-a59c63aad6fe4dd680d57a98f369a8ad?pvs=21),Done,오후,,
4대 보험료 납부 및 산출내역 문의,"December 10, 2025",한명학,"December 10, 2025 5:34 PM",,,"December 10, 2025 11:49 PM",Medium,No,시작 전,[경영·운영] 경영 관리 (https://www.notion.so/1cd02596e9b949358700d91ac8b0eb77?pvs=21),Done,,,
꼭꼭Fit 식후감정일기 피드백,"December 10, 2025",한명학,"December 10, 2025 10:21 PM",,,"December 10, 2025 11:38 PM",High,No,시작 전,[코칭 서비스] 1:1 코칭 서비스 (https://www.notion.so/1-1-f343e945e47d4c6e82c7c31ba1d13ecf?pvs=21),Done,,,
"워크북 제작 2차 시안 관련 피드백, 대응","December 11, 2025",한명학,"December 10, 2025 11:38 PM",,,"December 11, 2025 2:48 PM",Medium,Yes,진행 중,[와디즈] 12주 코칭 습관팩 런칭 (https://www.notion.so/12-d800760bcda44670adaf7764cfdcbcf9?pvs=21),Done,,,
와디즈 72시간 이벤트 새소식 내용 초안 작성,"December 11, 2025",한명학,"December 11, 2025 12:56 PM",,,"December 11, 2025 4:47 PM",Medium,Yes,진행 중,[와디즈] 12주 코칭 습관팩 런칭 (https://www.notion.so/12-d800760bcda44670adaf7764cfdcbcf9?pvs=21),Done,,,
안드로이드 결제시스템 복구에 따른 고객 메시지 전송(카카오톡 채널),"December 11, 2025",한명학,"December 11, 2025 1:05 PM",,,"December 11, 2025 1:11 PM",Medium,No,시작 전,[CS·운영] 고객관리/대응(CS) (https://www.notion.so/CS-CS-eb4db460772f4cd8a556f563948fba77?pvs=21),Done,,,
"와디즈 광고 시안 검토, 앱 푸시 광고 문구 변경","December 11, 2025",한명학,"December 11, 2025 8:18 PM",,,"December 11, 2025 8:19 PM",Medium,Yes,진행 중,[와디즈] 12주 코칭 습관팩 런칭 (https://www.notion.so/12-d800760bcda44670adaf7764cfdcbcf9?pvs=21),Done,,,
New Task,,김은향,"December 11, 2025 9:53 PM",,,"December 11, 2025 9:54 PM",,No,,,Not started,,,
,,,"December 11, 2025 9:53 PM",,,"December 11, 2025 9:54 PM",,No,,,Not started,,,
"[dan1]안드로이드 비정상 종료 - 타이머 재개시 크러쉬나는문제 해결 ","December 12, 2025 → December 14, 2025",임단,"December 11, 2025 9:55 PM",,,"December 14, 2025 4:48 PM",High,No,,,Done,,,
[CoachOS/Phase 3] 관리자 기능 + Inner Loop 분석 구축,"December 20, 2025",김은향,"December 12, 2025 10:40 AM","LoopOS AI 코칭 시스템 Phase 3 범위 전체를 다루는 상위 태스크.

Phase 3 목표
- 회사 차원에서 코치/고객 데이터를 관리할 수 있는 관리자 기능 구축
- Inner Loop(섭식/정서/습관) 데이터 분석 및 시각화 기반 마련

포함 범위 (하위 구현 태스크는 별도 TASK-042~051로 분할 예정)
- 3.1 관리자 대시보드 (TASK-042~044)
  - 관리자 전용 라우트 (/coachOS/admin)
  - 코치/고객 전체 데이터 열람 UI
  - 코치 활동 통계 화면
- 3.2 코치 관리 (TASK-045~046)
  - 코치 계정 생성 플로우
  - 고객 배정 UI
- 3.3 Inner Loop 분석 대시보드 (TASK-047~049)
  - 수집 현황 대시보드
  - Loop 패턴 분석 (Binge 트리거, 고위험 시간대 등)
  - 데이터 내보내기 (CSV/JSON)
- 3.4 테스트 및 배포 (TASK-050~051)
  - Phase 3 통합 테스트
  - Phase 3 배포",,"December 16, 2025 11:25 PM",High,Yes,진행 중,coachOS AI CRM 시스템 – Phase 1 MVP 기초 (https://www.notion.so/coachOS-AI-CRM-Phase-1-MVP-8a71cf36f0784cf4b0b048832afea7e0?pvs=21),On Hold,오후,,
[CoachOS/Phase 2] 주간 코칭 + 이벤트 라벨링 구축,"December 18, 2025",김은향,"December 12, 2025 10:40 AM","LoopOS AI 코칭 시스템 Phase 2 범위 전체를 다루는 상위 태스크.

Phase 2 목표
- 주간 루틴 + Inner Loop 학습 데이터 수집
- 코칭 세션 녹음 기반 맥락 강화
- AssemblyAI를 이용한 녹음 → 텍스트 변환 및 요약 흐름 정착 (예상 비용: ~$50–90/월)

포함 범위 (하위 구현 태스크는 별도 TASK-027~041로 분할 예정)
- 2.1 코칭 세션 녹음 업로드 및 변환 (TASK-027~032)
  - 녹음 업로드 UI 및 Storage 업로드 흐름
  - Firestore 스키마 및 security rules 정리
  - AssemblyAI 변환 Function (한국어, 화자 분리, 폴링/Webhook)
  - GPT-4 요약 Function (주요 주제/인사이트/다음 주 포인트)
  - 코칭 세션 조회 UI 및 스크립트 다이얼로그
  - 변환 실패 시 수동 입력 fallback
- 2.2 AI 피드백 맥락 강화 (TASK-033~034)
  - AI 피드백 프롬프트에 신상정보 + 과제 + 코칭요약 + 장기요약 + 일기 통합
  - 과제 데이터 모델 + UI 설계
- 2.3 이벤트 라벨링 (TASK-035~037)
  - Binge/Overeat/Urge 이벤트 라벨링 UI
  - coachOS_binge_events 저장 구조 및 쓰기 로직
  - 이벤트 목록 조회
- 2.4 고객 장기 요약 (TASK-038~039)
  - GPT 기반 장기 요약 자동 갱신
  - 장기 요약 조회 UI
- 2.5 테스트 및 배포 (TASK-040~041)
  - Phase 2 통합 테스트
  - Phase 2 배포",,"December 15, 2025 11:54 PM",High,Yes,진행 중,coachOS AI CRM 시스템 – Phase 1 MVP 기초 (https://www.notion.so/coachOS-AI-CRM-Phase-1-MVP-8a71cf36f0784cf4b0b048832afea7e0?pvs=21),On Hold,오후,,
와디즈 체험 코칭 1건,"December 12, 2025",한명학,"December 12, 2025 10:57 AM",,,"December 12, 2025 4:16 PM",High,No,시작 전,[펀딩·마케팅] 와디즈 펀딩 (https://www.notion.so/f94f71ddcbbd405a85a92983ff8cb6ce?pvs=21),Done,,,
직원 업무 전달,"December 12, 2025",한명학,"December 12, 2025 10:58 AM",,,"December 12, 2025 4:16 PM",Medium,No,시작 전,[경영·운영] 경영 관리 (https://www.notion.so/1cd02596e9b949358700d91ac8b0eb77?pvs=21),Done,,,
"JEMI 디딤돌 사업 집행마감, 정산보고서 작성","December 16, 2025 → December 18, 2025",한명학,"December 12, 2025 12:00 PM",,,"December 18, 2025 3:59 PM",Medium,No,시작 전,[지원사업] 정부지원사업 (https://www.notion.so/99b6de294422477b8ce78dc9ba87ca6d?pvs=21),Done,,,
"워크북, 다이어리 표지 디자인 시안 검수, 및 수정 요청","December 12, 2025",한명학,"December 12, 2025 5:43 PM",,,"December 12, 2025 5:44 PM",Medium,No,시작 전,[콘텐츠] 워크북 제작 (https://www.notion.so/29e9c7e2a2864da295bbe365f5cc2bb4?pvs=21),Done,,,
와디즈 72시간 이벤트 새소식 내용 본문 작성 후 업로드,"December 12, 2025",한명학,"December 12, 2025 5:43 PM",,,"December 12, 2025 5:44 PM",Medium,No,시작 전,[펀딩·마케팅] 와디즈 펀딩 (https://www.notion.so/f94f71ddcbbd405a85a92983ff8cb6ce?pvs=21),Done,,,
[LoopOS 데이터] Day 4 — Lite 스키마 데이터 투입 1차,"December 17, 2025",김은향,"December 12, 2025 8:20 PM","목표: 스키마를 실제 데이터로 괴롭히기(1차).
- 실제 식사 로그 10개를 Lite 스키마에 매핑
- 실제 감정일기 5개를 Lite 스키마에 매핑
완료 기준:
- 15개 예시가 각 어떤 Event / Episode / 기타 엔티티에 들어갔는지 표 또는 목록으로 정리되어 있을 것",,"December 15, 2025 11:54 PM",High,Yes,진행 중,[LoopOS 데이터] LoopOS 최소 선제 학습 (https://www.notion.so/LoopOS-LoopOS-24d5ea2f28ef4d5487b1bd20bc8e97ff?pvs=21),Not started,오후,,
[LoopOS 데이터] Day 3 — v0.1 동결 초안 만들기,"December 17, 2025",김은향,"December 12, 2025 8:20 PM","목표: 되돌릴 수 없는 최소 고정을 만든다.
- 코어 5개 엔티티의 이름 / 의미 / ID / 참조 규칙 초안 작성
- “v0.1에서 절대 바꾸지 않을 것” 리스트 작성
- “v0.2에서 승격할 것” 리스트 작성
완료 기준:
- 위 세 항목이 한 문서에 구조화되어 있을 것",,"December 16, 2025 11:24 PM",High,Yes,진행 중,[LoopOS 데이터] LoopOS 최소 선제 학습 (https://www.notion.so/LoopOS-LoopOS-24d5ea2f28ef4d5487b1bd20bc8e97ff?pvs=21),Not started,오후,,
[LoopOS 데이터] Day 1 — 개념 고정 세션 진행,"December 13, 2025",김은향,"December 12, 2025 8:20 PM","목표: 온톨로지를 정확한 언어로 말할 수 있게 만든다.
- 왜 Event / Episode / Action / Outcome이 분리되는지 정리
- “Action만이 인과 스위치”라는 문장을 본인 언어로 설명 문장으로 적기
- specVersion의 의미를 코드 레벨(필드 구조, 버저닝 방식)로 메모
완료 기준:
- 위 세 항목을 모두 문장으로 정리한 노트가 Notion/문서에 남아 있을 것",,"December 14, 2025 10:55 AM",High,Yes,진행 중,[LoopOS 데이터] LoopOS 최소 선제 학습 (https://www.notion.so/LoopOS-LoopOS-24d5ea2f28ef4d5487b1bd20bc8e97ff?pvs=21),Done,오후,,
[LoopOS 데이터] Day 5 — Lite 스키마 데이터 투입 2차 + v0.1 최종 동결,"December 20, 2025",김은향,"December 12, 2025 8:20 PM","목표: 스키마를 더 괴롭히고 v0.1을 최종 동결한다.
- 실제 코칭 개입 3개를 Lite 스키마에 매핑
- “애매한 필드 / Episode 경계 흔들림 / Outcome window 부족” 사례를 수집
- 위 피드백을 반영해 v0.1 최종안 업데이트
완료 기준:
- 코칭 개입 3개 매핑 예시와, 피드백 반영된 v0.1 스키마 노트가 남아 있을 것",,"December 17, 2025 3:02 PM",High,Yes,진행 중,[LoopOS 데이터] LoopOS 최소 선제 학습 (https://www.notion.so/LoopOS-LoopOS-24d5ea2f28ef4d5487b1bd20bc8e97ff?pvs=21),Not started,오후,,
[LoopOS 데이터] Day 6 — 최소 구현 시작,"December 17, 2025",김은향,"December 12, 2025 8:20 PM","목표: 온톨로지를 머릿속 구조가 아니라 실제 구현으로 내린다.
- 선택한 스토리지(Firestore / Supabase / JSON 파일 중 하나)에 최소 스키마 정의
- Event 생성 로직 최소 1개 구현
- ActionExecution 기록 로직 최소 1개 구현
- OutcomeMeasurement 저장 로직 최소 1개 구현
완료 기준:
- 실제로 Event / ActionExecution / OutcomeMeasurement가 생성·저장·조회되는 데모(또는 스크립트)가 존재할 것",,"December 12, 2025 8:30 PM",High,Yes,진행 중,[LoopOS 데이터] LoopOS 최소 선제 학습 (https://www.notion.so/LoopOS-LoopOS-24d5ea2f28ef4d5487b1bd20bc8e97ff?pvs=21),Not started,오후,,
[LoopOS 데이터] Day 2 — 엔티티 경계 깨보기,"December 14, 2025",김은향,"December 12, 2025 8:20 PM","목표: 헷갈리는 지점들을 일부러 부숴본다.
- 같은 상황을 두고 Event / Episode / LoopStateWindow로 각각 표현한 예시 5개 작성
- “이건 Event로 쓰면 안 된다” 리스트 작성
완료 기준:
- 예시 5개와 금지 리스트가 한 페이지에 정리되어 있을 것",,"December 14, 2025 10:55 AM",High,Yes,진행 중,[LoopOS 데이터] LoopOS 최소 선제 학습 (https://www.notion.so/LoopOS-LoopOS-24d5ea2f28ef4d5487b1bd20bc8e97ff?pvs=21),In progress,오후,,
"와디즈 체험후기 새소식 초안 ","December 14, 2025",한명학,"December 12, 2025 9:16 PM",,,"December 14, 2025 10:53 PM",Medium,No,시작 전,[펀딩·마케팅] 와디즈 펀딩 (https://www.notion.so/f94f71ddcbbd405a85a92983ff8cb6ce?pvs=21),Done,,,
"와디즈 카드할부 등 구매 혜택 관련 새소식 초안 ","December 15, 2025",한명학,"December 12, 2025 9:16 PM",,,"December 15, 2025 11:07 PM",Medium,No,시작 전,[펀딩·마케팅] 와디즈 펀딩 (https://www.notion.so/f94f71ddcbbd405a85a92983ff8cb6ce?pvs=21),Done,,,
외부비서 지우님 할일 정리 및 전달,"December 14, 2025",한명학,"December 12, 2025 9:17 PM",,,"December 15, 2025 11:38 PM",Medium,Yes,진행 중,외부 비서(Overseas Assistant) 채용 & 1개월 테스트 온보딩 (https://www.notion.so/Overseas-Assistant-1-ab8b2137f03a4585a58f8568fbacbea7?pvs=21),Done,,,
프리랜서 코치 커피챗(김보윤님),"December 13, 2025 5:00 PM (GMT+9)",한명학,"December 12, 2025 9:18 PM",,,"December 14, 2025 11:16 AM",Medium,No,,코치 1명 구인 & 1차 온보딩 준비 (https://www.notion.so/1-1-a59c63aad6fe4dd680d57a98f369a8ad?pvs=21),Done,,,
[YouTube/W32] 대본 작성,"December 13, 2025",한명학,"December 12, 2025 10:57 PM","목적: 확정된 주제를 바탕으로 W32 유튜브 본편 영상 대본을 완성한다.
완료 조건:
- 인트로/본론/클로징 구조가 잡힌 전체 대본 작성
- 촬영 시 필요한 B-roll/화면 전환 등 메모 포함
- 은향에게 1차 검토 요청까지 완료
산출물:
- Notion 또는 문서 형태의 완성 대본 링크",,"December 14, 2025 5:34 PM",Medium,Yes,진행 중,YouTube 1주 1업로드 프로젝트 (https://www.notion.so/YouTube-1-1-429c2a5aa7b04d12b5a3923f9e698f91?pvs=21),Done,오후,,
[YouTube/W32] 썸네일 제작,"December 22, 2025",김은향,"December 12, 2025 10:57 PM","목적: W32 유튜브 영상의 메시지를 잘 전달하는 썸네일 이미지를 제작한다.
완료 조건:
- 썸네일 문구 1~2개 확정
- 최소 2안 이상 시안 제작 후 최종 1안 선택
- 최종 썸네일 파일(또는 Figma 링크) 준비 완료
산출물:
- 최종 썸네일 이미지 파일 또는 디자인 링크",,"December 16, 2025 11:24 PM",,No,,,Not started,오후,,
[YouTube/W32] 주제 선정,"December 13, 2025",김은향,"December 12, 2025 10:57 PM","목적: W32 유튜브 영상의 메인 주제를 결정하고 명학과 합의한다.
완료 조건:
- 후보 주제 최소 3개 리스트업
- 타겟 시청자/메시지 한 줄 요약 정리
- 최종 주제 1개 선정 후 명학에게 공유 완료
산출물:
- Notion 또는 메모에 정리된 주제 후보 리스트 및 최종 선택안 링크",,"December 13, 2025 4:04 PM",,No,,,Done,오후,,
[YouTube/W32] 영상 업로드,"December 17, 2025",한명학,"December 12, 2025 10:57 PM","목적: 완성된 W32 유튜브 영상을 채널에 업로드하고 기본 세팅을 마친다.
완료 조건:
- 영상 파일 업로드 완료
- 제목/설명/태그/썸네일 설정 완료
- 재생목록 추가 및 공개 스케줄 설정
산출물:
- 유튜브 최종 영상 URL",,"December 13, 2025 9:31 AM",Medium,No,,,Not started,오후,,
1:1 코칭&피드백,"December 13, 2025",한명학,"December 13, 2025 3:02 PM",,,"December 13, 2025 3:02 PM",High,No,시작 전,[코칭 서비스] 1:1 코칭 서비스 (https://www.notion.so/1-1-f343e945e47d4c6e82c7c31ba1d13ecf?pvs=21),Done,,,
프리랜서 코치 면접(김보윤님),"December 16, 2025 2:00 PM (GMT+9)","김은향, 한명학","December 14, 2025 11:16 AM",,,"December 16, 2025 3:39 PM",Medium,No,,코치 1명 구인 & 1차 온보딩 준비 (https://www.notion.so/1-1-a59c63aad6fe4dd680d57a98f369a8ad?pvs=21),Done,,,
와디즈 체험단 후기 작성 리마인드,"December 14, 2025",한명학,"December 14, 2025 1:09 PM",,,"December 14, 2025 1:18 PM",Medium,No,시작 전,[펀딩·마케팅] 와디즈 펀딩 (https://www.notion.so/f94f71ddcbbd405a85a92983ff8cb6ce?pvs=21),Done,,,
프리랜서 코치 교육·자료 보안서약서 (NDA),"December 14, 2025",한명학,"December 14, 2025 4:41 PM",,,"December 14, 2025 4:41 PM",Medium,No,,코치 1명 구인 & 1차 온보딩 준비 (https://www.notion.so/1-1-a59c63aad6fe4dd680d57a98f369a8ad?pvs=21),Done,,,
"[dan2] ",,,"December 14, 2025 4:50 PM",,,"December 14, 2025 4:50 PM",,No,,,Not started,,,
[단님] 후보 태스크 1 – 꼭꼭 앱 Onboarding UI/UX,"December 9, 2025",임단,"December 14, 2025 5:15 PM","후보(단님)용 파일럿 태스크: 꼭꼭 앱 온보딩 UX v0.1 설계.

# 후보 태스크1. 꼭꼭 앱 Onboarding UI/UX 기획 구조 (v0.1)

## 목적 (Why)
- 사용자를 평가·진단하지 않는다
- 숫자/체중/칼로리 중심 사고를 차단한다
- 개인의 섭식·정서 루프를 ""안전하게 해석""하기 위한 최소 조건만 확보한다

Onboarding은
""정보 수집 설문""이 아니라
""해석 기준을 세팅하는 과정""이다.

---

## 전체 UX Flow (3–5분)

Intro
→ 안전/약물 상태 확인
→ 섭식 루프 경험 확인
→ 신체/호르몬 변동 요인
→ 목표 프레임 설정
→ 사용 환경 파악
→ 시작

총 5~7 Screens
모든 질문은 선택형 / 토글 / 카드형
숫자 입력 없음
정답 개념 없음

---

## Screen 0. Intro (심리적 방어 해제)

### 목적
- 평가받는 느낌 제거
- 앱의 관점 선언

### UI
- Full screen
- Text + soft transition

### Copy
""이 앱은
얼마나 먹었는지보다
어떤 상태에서 먹는지를 함께 살펴봅니다.""

""몇 가지 질문은
더 안전한 가이드를 위해 필요해요.""

CTA: 시작하기

---

## Screen 1. 안전 & 약물 상태 (필수)

### 목적
- GLP-1 / 당뇨 / 약물 여부에 따라
식사 데이터 해석 방식과 개입 강도를 분리하기 위함
- Safety Layer (면책 + 윤리 + 해석 정확도)

---

### Q1. 현재 식욕이나 포만감에 영향을 주는 약을 복용 중인가요?

UI: 카드 선택형 (복수 선택 가능)

Options:
- GLP-1 계열 약 (위고비 / 삭센다 / 마운자로 등)
- 식욕·기분·신경계 관련 약 (항우울제, ADHD 약 등)
- 해당 없음
- 잘 모르겠어요

Micro copy:
""이 정보는 식사 가이드를 조절하기 위해서만 사용돼요.""

---

### Q2. 혈당이나 당뇨 관련 진단을 받은 적이 있나요?

UI: 단일 선택

Options:
- 없음
- 당뇨 전단계
- 제2형 당뇨
- 잘 모르겠어요

---

## Screen 2. 섭식 루프 경험 (위험 플래그)

### 목적
- 진단명이 아닌 ""루프 위험도"" 파악
- 이후 개입 언어/강도/권장 루틴 분기

---

### Q3. 아래 경험 중 해당되는 것이 있나요? (복수 선택)

UI: 체크박스

Options:
- 멈추고 싶어도 조절이 안 되는 식사 경험
- 스트레스 후 후회가 크게 남는 식사
- 먹고 나서 몸이나 마음을 힘들게 했던 행동
- 해당 없음

Micro copy:
""정답은 없어요.
지금까지의 경험을 알려주면 충분해요.""

---

## Screen 3. 신체/호르몬 변동 요인 (조건부)

### 목적
- 실패가 아닌 ""상태 윈도우""로 해석하기 위함
- PMS / 수면 / 스트레스 루프 분리

---

### Q4. 특정 시기에 식욕이나 감정이 크게 변하나요?

UI: 토글 / 복수 선택

Options:
- 생리 전후
- 수면 부족할 때
- 스트레스가 많을 때
- 특별히 없음

---

## Screen 4. 목표 프레임 설정 (해석 기준점)

### 목적
- 같은 행동이라도 해석이 달라지는 기준점 확보
- 성공/실패 판단 기준을 사용자 스스로 선택

---

### Q5. 지금 이 앱을 통해 가장 바라는 변화는 무엇인가요?

UI: 카드형 (1개 선택)

Options:
- 식욕·폭식이 덜 흔들렸으면 해요
- 체중 변화가 부담 없이 일어났으면 해요
- 내 몸 감각을 다시 믿고 싶어요
- 스트레스 때문에 먹지 않았으면 해요

Micro copy:
""나중에 언제든 바꿀 수 있어요.""

---

## Screen 5. 식사 환경 파악 (경량)

### 목적
- 루프는 음식이 아니라
시간·환경·사회적 맥락에서 발생

---

### Q6-1. 하루 평균 식사는?

Options:
- 2끼 이하
- 3끼
- 그때그때 달라요

### Q6-2. 주로 누구와 먹나요?

Options:
- 혼자
- 누군가와 함께
- 반반

---

## Screen 6. 시작 선언 (정체성 고정)

### 목적
- 앱의 철학을 행동으로 연결

---

### Copy
""이제부터
고치려는 식사가 아니라
이해하는 식사를 시작해요.""

""오늘의 상태부터
가볍게 기록해볼까요?""

CTA:
오늘의 첫 식사 시작하기

---

## UX 원칙 (팀 공통)

- 숫자 입력 금지 (체중, 칼로리, 목표 수치)
- 점수화 금지
- 진단/평가 어휘 금지
- ""잘 모르겠어요"" 항상 허용
- 모든 응답은 이후 수정 가능

Onboarding은
사용자를 정의하는 과정이 아니라
해석 규칙을 세팅하는 과정이다.",,"December 15, 2025 10:04 PM",High,Yes,진행 중,파일럿 프로젝트 후보 (https://www.notion.so/f11bfaa292ad463cb38bd20c4a4c7d0b?pvs=21),In progress,,,
[단님] 후보 태스크 2-1 – Today(기록) 페이지 상태 기록 UX 설계안,"December 10, 2025",김은향,"December 14, 2025 5:16 PM","후보(단님)용 파일럿 태스크 2-1: Today(기록) 페이지 – 다이어리형 상태 기록 UX 설계.

# Today(기록) 페이지 — 다이어리형 상태 기록 UX 설계안

## 전제
- Today 페이지는 ""행동 입력 페이지""가 아니라
  → 하루를 쌓아두는 다이어리 페이지다
- + 버튼은 보조 수단
- 주요 기록은 페이지 상단에서 ""항상 보이는 상태 입력""으로 이뤄진다

---

## 전체 구조 (현재 UI 기준)

[ 달력 (날짜 선택) ]

[ 상태 기록 바 (상단 고정) ]   ← 신규
--------------------------------
[ 식사 일기 리스트 ]
--------------------------------
[ + 버튼 (보조 입력) ]

---

## 상태 기록 바 (Core UI)

### 위치
- 달력 바로 아래
- 식사 일기 리스트 바로 위 
- 스크롤해도 고정 or 반고정

---

## 상태 아이콘 구성 (비활성 기본)

초기 상태:
- 모든 아이콘은 투명 / 비활성
- ""기록 안 함""이라는 의미는 아님
- 그냥 아직 채워지지 않은 오늘의 페이지

💧  물   |   😖 스트레스   |   🌸 PMS
(아이콘 + 아주 작은 라벨)

---

## 인터랙션 설계 (핵심)

### 1️⃣ 아이콘 탭 → 즉시 슬라이드 입력

- 아이콘을 누르면
- 해당 아이콘만 활성화
- 페이지 이동 ❌
- 모달 ❌
- Bottom Sheet ❌

→ 아이콘 아래에 바로 슬라이더 등장

---

### 💧 물 기록 예시

UI:
- 0L —— 0.5L —— 1L —— 1.5L —— 2L+
- 손가락으로 쓸어 올리듯 조절

특징:
- 숫자 직접 입력 ❌
- 정확도 강요 ❌
- ""대충 여기쯤"" 감각적 입력

저장:
- 슬라이드 놓는 순간 자동 저장
- 완료 버튼 없음

---

### 😖 스트레스 기록 예시

UI:
- 게이지형 슬라이더
- 라벨 없음 또는 아주 추상적

낮음 —— 중간 —— 높음

의미:
- 감정 분석 ❌
- 오늘 전반적인 부담감 체감 정도

---

### 🌸 PMS 기록 예시

UI:
- 단계 선택형 or 짧은 슬라이드

Options:
- 해당 없음
- PMS 초기
- PMS 중
- PMS 후반

※ 날짜 계산 ❌
※ 주기 예측 ❌
※ 그냥 ""오늘 느낌""

---

## 입력 완료 후 상태 변화

- 아이콘: opacity 100%
- 슬라이더 값은 접힘
- 아이콘 자체가 ""오늘의 기록 결과""를 시각적으로 표현

예:
- 💧 아이콘 아래 작은 바 70% 채워짐
- 😖 아이콘 색 진하기로 강도 표현
- 🌸 아이콘 활성화 여부만 표시

---

## UX적으로 중요한 포인트 (절대 규칙)

### ❌ 하지 말 것
- 입력 완료 버튼
- “오늘 물 섭취량”
- “스트레스 관리 필요”
- 기록 알림 / 미입력 알림

### ⭕ 반드시 지킬 것
- 언제든 다시 눌러서 수정 가능
- 기록 안 해도 아무 말도 안 함
- 판단/피드백은 Today 페이지에서 절대 안 함

---

## + 버튼과의 관계 정리

### + 버튼의 역할
- 상세 식사 일기
- 사진 / 메모 / 식후감정

### 상태 기록 바의 역할
- 하루의 배경
- 식사를 해석하기 위한 맥락

→ 서로 경쟁하지 않고 역할이 다름

---

## 데이터 구조 관점 요약

- 상태 기록 바 입력
  → LoopStateWindow (daily / meso)
- 식사 일기
  → Event (meal)
- 두 데이터는
  → 같은 날짜 / 같은 dayKey로 자동 연결

---

## 이 설계의 가장 큰 장점

- 유저 입장:
  ""오늘 페이지를 채워두는 느낌""
- 시스템 입장:
  ""식사를 설명하는 고품질 맥락 데이터""",,"December 14, 2025 6:43 PM",High,Yes,진행 중,파일럿 프로젝트 후보 (https://www.notion.so/f11bfaa292ad463cb38bd20c4a4c7d0b?pvs=21),Not started,,,
[단님] 후보 태스크 2-2 – 식사 저장 시 ‘기록 기회 리마인드’ UX 설계,"December 11, 2025",김은향,"December 14, 2025 5:16 PM","후보(단님)용 파일럿 태스크 2-2: 식사 저장 시 ‘기록 기회 리마인드’ UX 구조 설계.

# 식사 저장 시 ‘기록 기회 리마인드’ UX 구조 설계

## 개념 정의 (Naming)

이 기능은:
❌ 팝업
❌ 알림
❌ 요청

이 아니다.

이 기능의 정체성은:
→ Record Opportunity Reminder
→ “기록 기회 리마인드”

의미:
- 유저가 놓쳤을 수 있는 기록을
- 조용히, 한 번 더 열어주는 UX 장치

---

## 설계 목적 (Why)

- Today 페이지 상단에서
  물 / 스트레스 / PMS 등을 기록할 수 있지만
- 모든 유저가 항상 그 타이밍에 기록하지는 않는다

식사 직후는:
- 몸 상태를 가장 정확하게 회상할 수 있는 순간
- “아 맞다”가 자연스럽게 발생하는 타이밍

따라서:
→ 강요 없는 2차 기록 기회 제공은 유효하다

---

## 핵심 원칙 (절대 조건)

### 원칙 1. 팝업처럼 느껴지면 실패
- 모달 ❌
- Alert ❌
- 화면 차단 ❌

→ 페이지 흐름을 끊지 않는다

---

### 원칙 2. 질문이 아니라 ‘초대’
❌ “기록하지 않았어요”
❌ “입력해주세요”
❌ “필수입니다”

⭕ “원하면 함께 남길 수 있어요”
⭕ “지금 떠오른 게 있다면”

---

### 원칙 3. 하루 1회, 조용히
- 동일 날짜 기준 최대 1회
- 한 번 스킵하면:
  → 같은 날 다시 노출 ❌

---

### 원칙 4. 스킵이 기본값
- 기록보다
- “그냥 넘어가기”가 더 쉬워야 한다

---

## 트리거 조건 (When)

다음 조건을 모두 만족할 때만 노출:

- 식사 저장 완료 시점
- AND 오늘 날짜 기준
- 💧 물
- 😖 스트레스
- 🌸 PMS
중 1개 이상 미기록 상태

※ 모두 기록된 경우 → 절대 노출 ❌

---

## 노출 방식 (How)

### 형태
- 팝업 ❌
- 인라인 카드 ⭕️

### 위치
- 식사 저장 완료 직후
- 식후 일기 화면 하단
- 스크롤을 막지 않음

---

## 카드 구성 (UI)

### Title
""오늘의 상태도 함께 남겨볼까요?""

### Sub copy
""식사를 이해하는 데 도움이 될 수 있어요.
지금 아니어도 괜찮아요.""

---

### 상태 아이콘 영역
💧 물     😖 스트레스     🌸 PMS
(비활성) (비활성)        (비활성)

- 아이콘 탭 → 즉시 슬라이드 입력
- 입력 즉시 자동 저장
- 완료 버튼 없음

---

### CTA 영역

[ 그냥 넘어가기 ]   ← 기본 강조
[ 같이 기록하기 ]   ← 보조

※ ‘그냥 넘어가기’는
아무 기록도 남기지 않고 카드만 사라짐

---

## 인터랙션 디테일

- 아이콘 하나만 입력해도 충분
- 여러 개 입력 가능
- 입력 중에도 언제든 카드 닫기 가능
- 카드 닫힘 이후:
  → 해당 날짜 재노출 없음

---

## 절대 금지 UX (Anti-pattern)

❌ “오늘 물 기록이 없습니다”
❌ “스트레스 기록을 추천해요”
❌ “기록하면 분석 정확도가 올라가요”
❌ 연속 노출
❌ 미기록 상태 강조

이 순간부터
유저는 ‘관리당한다’고 느낀다.

---

## 데이터 처리 원칙 (내부)

- 이 카드 자체는
  → 기록 요청 이벤트가 아니라
  → 기록 기회 제공 이벤트

- 스킵 여부:
  → 내부 행동 데이터로만 사용
  → 유저에게 피드백/언급 ❌

---

## UX 정체성 문장 (팀 공통 인식)

이 기능은
유저를 움직이게 하려는 장치가 아니라,

기록하고 싶을 때,
기록할 수 있는 여백을 한 번 더 열어주는 장치다.

---

## 한 줄 결론

식사 저장 시 상태 기록을 다시 묻는 것은 가능하다.

단,
그것은 팝업이 아니라 다이어리 페이지의 여백처럼 스쳐가는 리마인드여야 한다.",,"December 14, 2025 7:11 PM",High,Yes,진행 중,파일럿 프로젝트 후보 (https://www.notion.so/f11bfaa292ad463cb38bd20c4a4c7d0b?pvs=21),Not started,,,
펀딩 오픈 전 환불 규정 수정(와디즈 문의),"December 15, 2025",한명학,"December 14, 2025 8:11 PM",,,"December 15, 2025 11:34 AM",Medium,No,시작 전,[펀딩·마케팅] 와디즈 펀딩 (https://www.notion.so/f94f71ddcbbd405a85a92983ff8cb6ce?pvs=21),Done,,,
1:1 코칭 진행,"December 14, 2025",한명학,"December 14, 2025 10:57 PM",,,"December 14, 2025 10:58 PM",High,No,시작 전,[코칭 서비스] 1:1 코칭 서비스 (https://www.notion.so/1-1-f343e945e47d4c6e82c7c31ba1d13ecf?pvs=21),Done,,,
코칭 참가자 대상 식후감정일기 피드백,"December 14, 2025",한명학,"December 14, 2025 10:58 PM",,,"December 16, 2025 4:34 PM",High,No,시작 전,[코칭 서비스] 1:1 코칭 서비스 (https://www.notion.so/1-1-f343e945e47d4c6e82c7c31ba1d13ecf?pvs=21),Done,,,
[YouTube/W31] 썸네일 만들기,"December 15, 2025",김은향,"December 15, 2025 12:33 PM","W31 유튜브 본편 영상 썸네일 시안 1~2개를 제작하고 최종 1개를 확정한다.
- 썸네일 문구/톤이 영상 메시지와 잘 맞는지 확인
- 모바일/데스크톱에서 모두 잘 보이는지 체크
- 최종 선택안 Notion 페이지 또는 파일로 저장",,"December 15, 2025 1:47 PM",High,Yes,진행 중,YouTube 1주 1업로드 프로젝트 (https://www.notion.so/YouTube-1-1-429c2a5aa7b04d12b5a3923f9e698f91?pvs=21),Done,오후,,
[YouTube/W31] 영상 업로드1,"December 15, 2025",한명학,"December 15, 2025 12:33 PM","완성된 W31 유튜브 본편 영상을 업로드한다.
- 제목/설명/태그/재생목록 설정
- 썸네일 적용 및 공개/예약 설정
- 업로드 후 링크를 기록하고 기본 지표(조회수/노출수 등)를 추적할 수 있도록 정리",,"December 15, 2025 8:46 PM",High,Yes,진행 중,YouTube 1주 1업로드 프로젝트 (https://www.notion.so/YouTube-1-1-429c2a5aa7b04d12b5a3923f9e698f91?pvs=21),Done,오후,,
[개발 환경 셋업] sosi 프로젝트 키 공유,"December 15, 2025",김은향,"December 15, 2025 3:54 PM","sosi 프로젝트 관련 GIT 리포지토리 및 액세스 키 정보를 정리하고 필요한 팀원과 공유한다.
- 현재 사용 중인 저장소 / 브랜치 전략 / 권한 구조를 정리
- 액세스 키, 토큰, 계정 정보 등 민감 정보는 보안 정책에 맞는 채널로 전달
- 신규 합류자도 이 문서를 보고 바로 개발 환경을 셋업할 수 있는 수준까지 정리",,"December 15, 2025 11:53 PM",High,Yes,진행 중,[개발 환경 셋업] GIT 및 작업·협업 환경 셋업 (https://www.notion.so/GIT-be781614d4d041cbb2acf5ce0ea408a4?pvs=21),Done,오후,,
[개발 환경 셋업] 프로젝트 작업 환경 공유,"December 15, 2025",김은향,"December 15, 2025 3:54 PM","sosi 프로젝트 개발·협업을 위한 작업 환경과 협업 룰을 정리해 공유한다.
- IDE/에디터, 브랜치 전략, 코드 리뷰 프로세스, 이슈 트래킹 툴(Jira/Notion 등) 명시
- 로컬 개발 환경 셋업 단계(필수 의존성, 환경 변수, 빌드/실행 방법) 문서화
- 협업 채널(Slack/Notion/회의 주기 등)과 기본 룰을 정리해 팀과 공유",,"December 15, 2025 4:54 PM",High,Yes,진행 중,[개발 환경 셋업] GIT 및 작업·협업 환경 셋업 (https://www.notion.so/GIT-be781614d4d041cbb2acf5ce0ea408a4?pvs=21),Done,오후,,
"와디즈 새소식, 체험후가 업로드","December 15, 2025",한명학,"December 15, 2025 4:00 PM",,,"December 15, 2025 4:00 PM",Medium,No,시작 전,[펀딩·마케팅] 와디즈 펀딩 (https://www.notion.so/f94f71ddcbbd405a85a92983ff8cb6ce?pvs=21),Done,,,
식후감정일기 피드백(15. 월),"December 15, 2025",한명학,"December 15, 2025 4:00 PM",,,"December 15, 2025 8:46 PM",High,No,시작 전,[코칭 서비스] 1:1 코칭 서비스 (https://www.notion.so/1-1-f343e945e47d4c6e82c7c31ba1d13ecf?pvs=21),Done,,,
온보딩 서약서 전달(소식연구소 ⇒ 프리랜서 코치 잔디님),"December 15, 2025",한명학,"December 15, 2025 10:28 PM",,,"December 15, 2025 10:29 PM",Medium,No,,코치 1명 구인 & 1차 온보딩 준비 (https://www.notion.so/1-1-a59c63aad6fe4dd680d57a98f369a8ad?pvs=21),Done,,,
온보딩 자료 수정(코칭 회의 후 나온 내용 반영),"December 15, 2025",한명학,"December 15, 2025 10:29 PM",,,"December 15, 2025 10:29 PM",Medium,No,,코치 1명 구인 & 1차 온보딩 준비 (https://www.notion.so/1-1-a59c63aad6fe4dd680d57a98f369a8ad?pvs=21),Done,,,
유튜브 영상 배경음악 제거 후 재업로드(w31),"December 15, 2025",한명학,"December 15, 2025 11:44 PM",,,"December 15, 2025 11:45 PM",Medium,Yes,진행 중,YouTube 1주 1업로드 프로젝트 (https://www.notion.so/YouTube-1-1-429c2a5aa7b04d12b5a3923f9e698f91?pvs=21),Done,,,
[투자/TIPS준비] 아이디어파트너스 배치 프로그램 지원,"December 28, 2025",김은향,"December 16, 2025 1:43 AM","농식품테크·바이오·AI 등 관련 트랙을 보유한 아이디어파트너스 배치 프로그램에 지원해 TIPS 추천 및 투자 연계를 노린다.

완료 조건:
- Track 1/2 중 LOOP에 적합한 트랙 선택 및 메모
- 모집 분야(농식품테크, 바이오, AI 등)와 LOOP 포지셔닝(정서·섭식·AI OS) 매핑
- 이메일 제출용 지원서 초안 작성 → 내부 리뷰 → 최종본 확정
- 지원 이메일 발송 및 발송 내역(날짜, 수신자, 제목) Notion에 기록

산출물:
- 지원서 문서 파일 또는 Notion/Google Docs 링크
- 발송 이메일 전문 또는 스크린샷 링크",,"December 16, 2025 1:44 AM",High,Yes,진행 중,[투자/TIPS준비] 배치 프로그램 지원 (https://www.notion.so/TIPS-3c28a46f9bd0420ca434a1ab089f6e91?pvs=21),Not started,오후,,
[투자/TIPS준비] 프라이머 배치 프로그램 지원,"January 2, 2026",김은향,"December 16, 2025 1:43 AM","2026년 TIPS 및 후속 투자 레버리지를 위해 극초기 스타트업 대상 프라이머 배치 프로그램에 지원한다.

완료 조건:
- 모집 요강 기준으로 LOOP의 스테이지, 팀 구성, 시장/제품 포지셔닝 적합성 검토
- 프라이머 홈페이지 신청서 문항을 기준으로 초안 작성 및 내부 피드백 반영
- 최종본 제출 및 제출 완료 여부(스크린샷/확인 메일) Notion에 기록

산출물:
- 프라이머 신청서 초안 및 최종본 링크(Notion/Google Docs)
- 제출 스크린샷 또는 접수 확인 메일 캡처 링크",,"December 16, 2025 1:44 AM",High,Yes,진행 중,[투자/TIPS준비] 배치 프로그램 지원 (https://www.notion.so/TIPS-3c28a46f9bd0420ca434a1ab089f6e91?pvs=21),Not started,오후,,
"잔디님 보안서약서, 온보딩 자료 제공","December 16, 2025",한명학,"December 16, 2025 12:04 PM",,,"December 16, 2025 12:04 PM",Medium,No,,코치 1명 구인 & 1차 온보딩 준비 (https://www.notion.so/1-1-a59c63aad6fe4dd680d57a98f369a8ad?pvs=21),Done,,,
와디즈 카드할부 등 구매 혜택 관련 새소식 업로드,"December 16, 2025",한명학,"December 16, 2025 12:05 PM",,,"December 16, 2025 12:05 PM",Medium,No,시작 전,[펀딩·마케팅] 와디즈 펀딩 (https://www.notion.so/f94f71ddcbbd405a85a92983ff8cb6ce?pvs=21),Done,,,
프리랜서 코치 온보딩 과제 안내(김보윤님),"December 16, 2025",한명학,"December 16, 2025 3:39 PM",,,"December 16, 2025 11:10 PM",Medium,No,,코치 1명 구인 & 1차 온보딩 준비 (https://www.notion.so/1-1-a59c63aad6fe4dd680d57a98f369a8ad?pvs=21),Done,,,
코칭 참가자 대상 식후감정일기 피드백,"December 16, 2025",한명학,"December 16, 2025 4:34 PM",,,"December 16, 2025 4:36 PM",Medium,No,시작 전,[코칭 서비스] 1:1 코칭 서비스 (https://www.notion.so/1-1-f343e945e47d4c6e82c7c31ba1d13ecf?pvs=21),Done,,,
원천세 신고 및 납부,"December 16, 2025",한명학,"December 16, 2025 5:10 PM",,,"December 16, 2025 6:16 PM",Medium,No,시작 전,[경영·운영] 경영 관리 (https://www.notion.so/1cd02596e9b949358700d91ac8b0eb77?pvs=21),Done,,,
지우님 할 일(12월 16일),"December 16, 2025",한명학,"December 16, 2025 9:20 PM",,,"December 16, 2025 9:30 PM",Medium,Yes,진행 중,외부 비서(Overseas Assistant) 채용 & 1개월 테스트 온보딩 (https://www.notion.so/Overseas-Assistant-1-ab8b2137f03a4585a58f8568fbacbea7?pvs=21),Done,,,
와디즈 오픈 전 마지막 새소식 초안 작성,"December 16, 2025",한명학,"December 16, 2025 10:26 PM",,,"December 16, 2025 10:27 PM",Medium,No,시작 전,[펀딩·마케팅] 와디즈 펀딩 (https://www.notion.so/f94f71ddcbbd405a85a92983ff8cb6ce?pvs=21),Done,,,
"와디즈 매출 1,000만 원 넘을 시 새소식 작성","December 17, 2025",한명학,"December 16, 2025 10:27 PM",,,"December 17, 2025 9:00 PM",Medium,No,시작 전,[펀딩·마케팅] 와디즈 펀딩 (https://www.notion.so/f94f71ddcbbd405a85a92983ff8cb6ce?pvs=21),On Hold,,,
[와디즈 마케팅] 와디즈 오픈 전 새소식 업로드,"December 17, 2025",한명학,"December 16, 2025 11:38 PM",와디즈 오픈을 앞두고 새소식 콘텐츠를 작성하고 업로드한다. 새소식이 와디즈 페이지에 정상적으로 게시되면 완료.,,"December 17, 2025 11:29 AM",High,Yes,진행 중,[와디즈] 12주 코칭 습관팩 런칭 (https://www.notion.so/12-d800760bcda44670adaf7764cfdcbcf9?pvs=21),Done,오후,,
"[콘텐츠 기획] 연말 콘텐츠 기획(신동진 의사님, 잔디님 협업)","December 17, 2025",한명학,"December 16, 2025 11:38 PM","신동진 의사님, 잔디님과 협업할 연말 콘텐츠를 기획한다. 콘텐츠 주제, 포맷, 일정, 역할 분담 등이 정리된 기획안이 완성되면 완료.",,"December 18, 2025 3:59 PM",Medium,Yes,진행 중,YouTube 1주 1업로드 프로젝트 (https://www.notion.so/YouTube-1-1-429c2a5aa7b04d12b5a3923f9e698f91?pvs=21),Done,오후,,
"[와디즈 마케팅] 와디즈 오픈 홍보(카카오톡 채널, 채팅방, 유튭, 인스타)","December 17, 2025",한명학,"December 16, 2025 11:38 PM","와디즈 오픈 소식을 카카오톡 채널, 채팅방, 유튜브, 인스타그램 등 모든 채널에 공지하고 홍보 메시지를 발송한다. 각 채널에 홍보 콘텐츠가 게시되면 완료.",,"December 17, 2025 11:29 AM",High,Yes,진행 중,[와디즈] 12주 코칭 습관팩 런칭 (https://www.notion.so/12-d800760bcda44670adaf7764cfdcbcf9?pvs=21),Done,오후,,
[고객 관리] 카카오톡 채널 활성화 방안 기획,"December 21, 2025",한명학,"December 16, 2025 11:38 PM","고객 관리를 강화하기 위해 카카오톡 채널 활성화 방안을 기획한다. 운영 구조, 콘텐츠 계획, 고객 소통 방식 등이 포함된 기획안이 완성되면 완료.",,"December 18, 2025 3:59 PM",Medium,No,시작 전,[CS·운영] 고객관리/대응(CS) (https://www.notion.so/CS-CS-eb4db460772f4cd8a556f563948fba77?pvs=21),In progress,오후,,
[코칭 운영] 식후감정일기 피드백,"December 17, 2025",한명학,"December 16, 2025 11:38 PM",회원들의 식후감정일기를 검토하고 일일 피드백을 작성한다. 모든 회원에게 맞춤형 피드백이 전달되면 완료.,,"December 17, 2025 3:27 PM",High,No,시작 전,[코칭 서비스] 1:1 코칭 서비스 (https://www.notion.so/1-1-f343e945e47d4c6e82c7c31ba1d13ecf?pvs=21),Done,오후,,
[콘텐츠 분석] 유튜브 w31 영상 성과 측정,"December 17, 2025",한명학,"December 16, 2025 11:38 PM","W31(마운자로/GLP-1 교육) 영상의 조회수, 좋아요, 댓글, 시청 유지율 등 핵심 지표를 측정하고 분석 레포트를 작성한다. 성과 데이터가 정리되면 완료.",,"December 16, 2025 11:43 PM",Medium,Yes,진행 중,YouTube 1주 1업로드 프로젝트 (https://www.notion.so/YouTube-1-1-429c2a5aa7b04d12b5a3923f9e698f91?pvs=21),Not started,오후,,
와디즈 오픈 후 고객 대응,"December 17, 2025 → December 31, 2025",한명학,"December 17, 2025 12:55 PM",,,"December 17, 2025 12:55 PM",Medium,No,시작 전,[펀딩·마케팅] 와디즈 펀딩 (https://www.notion.so/f94f71ddcbbd405a85a92983ff8cb6ce?pvs=21),In progress,,,
와디즈 리워드 문구 정정 요청(습관회복 풀패키지),"December 17, 2025",한명학,"December 17, 2025 12:55 PM",,,"December 17, 2025 12:56 PM",High,No,시작 전,[펀딩·마케팅] 와디즈 펀딩 (https://www.notion.so/f94f71ddcbbd405a85a92983ff8cb6ce?pvs=21),Done,,,
유튜브 콘텐츠 연말 기획,"December 17, 2025",한명학,"December 17, 2025 4:26 PM",,,"December 17, 2025 9:00 PM",Medium,Yes,진행 중,YouTube 1주 1업로드 프로젝트 (https://www.notion.so/YouTube-1-1-429c2a5aa7b04d12b5a3923f9e698f91?pvs=21),Done,,,
지우님 할 일,"December 17, 2025",한명학,"December 17, 2025 8:43 PM",,,"December 17, 2025 9:00 PM",,Yes,진행 중,외부 비서(Overseas Assistant) 채용 & 1개월 테스트 온보딩 (https://www.notion.so/Overseas-Assistant-1-ab8b2137f03a4585a58f8568fbacbea7?pvs=21),Done,,,
와디즈 전환율 저조에 따른 긴급 대응,"December 17, 2025",한명학,"December 17, 2025 10:48 PM",,,"December 17, 2025 10:48 PM",Medium,No,시작 전,[펀딩·마케팅] 와디즈 펀딩 (https://www.notion.so/f94f71ddcbbd405a85a92983ff8cb6ce?pvs=21),Done,,,
와디즈 회고 문서 초안 제작,"December 17, 2025",한명학,"December 17, 2025 10:48 PM",,,"December 18, 2025 6:49 PM",Medium,No,시작 전,[펀딩·마케팅] 와디즈 펀딩 (https://www.notion.so/f94f71ddcbbd405a85a92983ff8cb6ce?pvs=21),Done,,,
와디즈 프로젝트 리워드 순서 변경,"December 18, 2025",한명학,"December 18, 2025 6:43 PM",,,"December 18, 2025 6:43 PM",Medium,No,시작 전,[펀딩·마케팅] 와디즈 펀딩 (https://www.notion.so/f94f71ddcbbd405a85a92983ff8cb6ce?pvs=21),Done,,,
와디즈 새소식 초안 작성 - 브랜드 방향성 위주,"December 18, 2025",한명학,"December 18, 2025 6:43 PM",,,"December 18, 2025 6:44 PM",Medium,No,시작 전,[펀딩·마케팅] 와디즈 펀딩 (https://www.notion.so/f94f71ddcbbd405a85a92983ff8cb6ce?pvs=21),In progress,,,
꼭꼭Fit 강의 VOD 재구성 - 전반적인 리워드 내용 + 우리 브랜드 가치,"December 19, 2025",한명학,"December 18, 2025 6:44 PM",,,"December 18, 2025 6:45 PM",Medium,No,시작 전,[펀딩·마케팅] 와디즈 펀딩 (https://www.notion.so/f94f71ddcbbd405a85a92983ff8cb6ce?pvs=21),On Hold,,,
와디즈 프로젝트 향후 방안 논의,"December 18, 2025",한명학,"December 18, 2025 6:45 PM",,,"December 18, 2025 6:50 PM",Medium,No,시작 전,[펀딩·마케팅] 와디즈 펀딩 (https://www.notion.so/f94f71ddcbbd405a85a92983ff8cb6ce?pvs=21),Done,,,
꼭꼭Fit 3기 환급 검토,"December 18, 2025",한명학,"December 18, 2025 7:25 PM",,,"December 18, 2025 7:26 PM",Medium,No,시작 전,[코칭 서비스] 1:1 코칭 서비스 (https://www.notion.so/1-1-f343e945e47d4c6e82c7c31ba1d13ecf?pvs=21),In progress,,,